index,entry_id,source_text,original_title,canonical_title,canonical_title_status,platform,source_section,system_release_year,source_order,decade,release_version_identification,region,cover_source,cover_source_url,local_downloaded_image_path,verification_status,asterisk_marked_in_source,notes
0,VG-0001,Table Tennis,Table Tennis,Table Tennis,SOURCE_LABEL_PENDING_VERIFICATION,Magnavox Odyssey,Magnavox Odyssey,1972.0,1,1970s-1980s,,USA preferred when a North American retail release exists,,,,PENDING_COVER_BINARY_ACQUISITION,False,Original Odyssey pack-in/game-card titles may not have individual standalone retail front covers.
1,VG-0002,Hockey,Hockey,Hockey,SOURCE_LABEL_PENDING_VERIFICATION,Magnavox Odyssey,Magnavox Odyssey,1972.0,2,1970s-1980s,,USA preferred when a North American retail release exists,,,,PENDING_COVER_BINARY_ACQUISITION,False,Original Odyssey pack-in/game-card titles may not have individual standalone retail front covers.
2,VG-0003,Football,Football,Football,SOURCE_LABEL_PENDING_VERIFICATION,Magnavox Odyssey,Magnavox Odyssey,1972.0,3,1970s-1980s,,USA preferred when a North American retail release exists,,,,PENDING_COVER_BINARY_ACQUISITION,False,Original Odyssey pack-in/game-card titles may not have individual standalone retail front covers.
3,VG-0004,Shooting Gallery,Shooting Gallery,Shooting Gallery,SOURCE_LABEL_PENDING_VERIFICATION,Magnavox Odyssey,Magnavox Odyssey,1972.0,4,1970s-1980s,,USA preferred when a North American retail release exists,,,,PENDING_COVER_BINARY_ACQUISITION,False,Original Odyssey pack-in/game-card titles may not have individual standalone retail front covers.
4,VG-0005,*Asteroids,Asteroids,Asteroids,PLATFORM_CONTEXT_CONFIRMED,Atari 2600,Atari 2600,1977.0,1,1970s-1980s,Atari 2600 - USA retail release,USA,Libretro Named_Boxarts - Atari 2600,https://raw.githubusercontent.com/libretro-thumbnails/Atari_-_2600/8c91fd5d4cdadb6e66e146ab5b5334aebd3c82e9/Named_Boxarts/Asteroids%20%28USA%29.png,,SOURCE_MATCH_CONFIRMED_BINARY_PENDING,True,Exact USA Named_Boxarts filename matched in Atari 2600 repository; MobyGames confirms Atari 2600 USA release (1981). Binary not yet materialized or visually inspected locally.
5,VG-0006,*Chopper Command,Chopper Command,Chopper Command,PLATFORM_CONTEXT_CONFIRMED,Atari 2600,Atari 2600,1977.0,2,1970s-1980s,Atari 2600 - USA retail release,USA,Libretro Named_Boxarts - Atari 2600,https://raw.githubusercontent.com/libretro-thumbnails/Atari_-_2600/8c91fd5d4cdadb6e66e146ab5b5334aebd3c82e9/Named_Boxarts/Chopper%20Command%20%28USA%29.png,,SOURCE_MATCH_CONFIRMED_BINARY_PENDING,True,Exact USA Named_Boxarts filename matched in Atari 2600 repository; MobyGames confirms Atari 2600 USA release (1982). Binary not yet materialized or visually inspected locally.
6,VG-0007,* Desert Falcon,Desert Falcon,Desert Falcon,PLATFORM_CONTEXT_CONFIRMED,Atari 2600,Atari 2600,1977.0,3,1970s-1980s,Atari 2600 - USA retail release,USA,Libretro Named_Boxarts - Atari 2600,https://raw.githubusercontent.com/libretro-thumbnails/Atari_-_2600/8c91fd5d4cdadb6e66e146ab5b5334aebd3c82e9/Named_Boxarts/Desert%20Falcon%20%28USA%29.png,,SOURCE_MATCH_CONFIRMED_BINARY_PENDING,True,Exact USA Named_Boxarts filename matched in Atari 2600 repository; MobyGames confirms Atari 2600 USA release (1987). Binary not yet materialized or visually inspected locally.
7,VG-0008,* Snoopy & Red Baron,Snoopy & Red Baron,Snoopy and the Red Baron,PLATFORM_CONTEXT_CONFIRMED,Atari 2600,Atari 2600,1977.0,4,1970s-1980s,Atari 2600 - USA retail release,USA,Libretro Named_Boxarts - Atari 2600,https://raw.githubusercontent.com/libretro-thumbnails/Atari_-_2600/8c91fd5d4cdadb6e66e146ab5b5334aebd3c82e9/Named_Boxarts/Snoopy%20and%20the%20Red%20Baron%20%28USA%29.png,,SOURCE_MATCH_CONFIRMED_BINARY_PENDING,True,Exact USA Named_Boxarts filename matched in Atari 2600 repository; MobyGames and AtariAge confirm Atari 2600 North American release/title. Binary not yet materialized or visually inspected locally.
8,VG-0009,* Yars Revenge,Yars Revenge,Yars' Revenge,PLATFORM_CONTEXT_CONFIRMED,Atari 2600,Atari 2600,1977.0,5,1970s-1980s,Atari 2600 - USA retail release,USA,Libretro Named_Boxarts - Atari 2600,https://raw.githubusercontent.com/libretro-thumbnails/Atari_-_2600/8c91fd5d4cdadb6e66e146ab5b5334aebd3c82e9/Named_Boxarts/Yars%27%20Revenge%20%28USA%29.png,,SOURCE_MATCH_CONFIRMED_BINARY_PENDING,True,Exact USA Named_Boxarts filename matched in Atari 2600 repository; MobyGames and AtariAge confirm Atari 2600 USA/North American release/title. Binary not yet materialized or visually inspected locally.
9,VG-0010,*Solaris,Solaris,Solaris,PLATFORM_CONTEXT_CONFIRMED,Atari 2600,Atari 2600,1977.0,6,1970s-1980s,Atari 2600 - USA retail release,USA,Libretro Named_Boxarts - Atari 2600,https://raw.githubusercontent.com/libretro-thumbnails/Atari_-_2600/8c91fd5d4cdadb6e66e146ab5b5334aebd3c82e9/Named_Boxarts/Solaris%20%28USA%29.png,,SOURCE_MATCH_CONFIRMED_BINARY_PENDING,True,Exact USA Named_Boxarts filename matched in Atari 2600 repository; MobyGames confirms Atari 2600 release (1986). Binary not yet materialized or visually inspected locally.
10,VG-0011,Berserk,Berserk,Berzerk,PLATFORM_CONTEXT_CONFIRMED,Vectrex,Vectrex,1982.0,1,1970s-1980s,Vectrex - World retail release,World,Libretro Named_Boxarts - Vectrex,https://raw.githubusercontent.com/libretro-thumbnails/GCE_-_Vectrex/337252e121ec8cc3ca134c873b45d5b081a168e8/Named_Boxarts/Berzerk%20(World).png,,SOURCE_MATCH_CONFIRMED_BINARY_PENDING,False,Source title corrected using Vectrex context. Libretro exact Named_Boxarts match; binary not yet materialized or visually inspected.
11,VG-0012,Cosmic Chasm,Cosmic Chasm,Cosmic Chasm,PLATFORM_CONTEXT_CONFIRMED,Vectrex,Vectrex,1982.0,2,1970s-1980s,Vectrex - World retail release,World,Libretro Named_Boxarts - Vectrex,https://raw.githubusercontent.com/libretro-thumbnails/GCE_-_Vectrex/337252e121ec8cc3ca134c873b45d5b081a168e8/Named_Boxarts/Cosmic%20Chasm%20(World).png,,SOURCE_MATCH_CONFIRMED_BINARY_PENDING,False,Libretro exact Named_Boxarts match; binary not yet materialized or visually inspected.
12,VG-0013,Hyperchase,Hyperchase,Hyperchase,PLATFORM_CONTEXT_CONFIRMED,Vectrex,Vectrex,1982.0,3,1970s-1980s,Vectrex - retail release,World,Libretro Named_Boxarts - Vectrex,https://raw.githubusercontent.com/libretro-thumbnails/GCE_-_Vectrex/337252e121ec8cc3ca134c873b45d5b081a168e8/Named_Boxarts/HyperChase%20-%20Auto%20Race%20(World).png,,SOURCE_MATCH_CONFIRMED_BINARY_PENDING,False,Libretro exact Named_Boxarts match. Secondary source confirms a U.S. boxed release; binary not yet materialized or visually inspected.
13,VG-0014,Minestorm,Minestorm,Mine Storm,PLATFORM_CONTEXT_CONFIRMED,Vectrex,Vectrex,1982.0,4,1970s-1980s,Vectrex built-in pack-in software; not a normal standalone retail cartridge,USA/World,Research references only - standalone retail front cover not verified,https://vectrexia.com/games/mine-storm,,UNRESOLVED_RETAIL_COVER,False,Mine Storm was built into the Vectrex hardware. Do not treat a fan-made box as retail art. Needs a defensible physical-packaging/pack-in representation or must remain unresolved.
14,VG-0015,Vectorpilot,Vectorpilot,Vector Pilot,PLATFORM_CONTEXT_CONFIRMED,Vectrex,Vectrex,1982.0,5,1970s-1980s,Vectrex homebrew retail cartridge release (2011),Region to verify from physical package,MobyGames physical-cover reference - Vectrex,https://www.mobygames.com/game/71314/vector-pilot/,,SOURCE_REFERENCE_IDENTIFIED_BINARY_PENDING,False,Source title normalized from Vectorpilot using Vectrex context. MobyGames confirms 2011 Vectrex cartridge release. Need actual physical front-cover binary and visual verification.
15,VG-0016,Protector Yasi,Protector Yasi,Protector / Y*A*S*I,PLATFORM_CONTEXT_CONFIRMED,Vectrex,Vectrex,1982.0,6,1970s-1980s,Vectrex homebrew dual-game cartridge; multiple physical packaging variants exist,North America / World variant to verify,Packrat/Classic Game Creations packaging reference,https://www.packratvg.com/vprotyasi.html,,UNRESOLVED_VERSION_VARIANT,False,"Canonical title confirmed. Packrat documents a 2003 physical release with plastic box/insert, but packaging has changed over time; source does not specify which variant. Do not pick one silently."
16,VG-0017,Scramble,Scramble,Scramble,PLATFORM_CONTEXT_CONFIRMED,Vectrex,Vectrex,1982.0,7,1970s-1980s,Vectrex - USA/Europe retail release,USA/Europe,Libretro Named_Boxarts - Vectrex,"https://raw.githubusercontent.com/libretro-thumbnails/GCE_-_Vectrex/337252e121ec8cc3ca134c873b45d5b081a168e8/Named_Boxarts/Scramble%20(USA,%20Europe).png",,SOURCE_MATCH_CONFIRMED_BINARY_PENDING,False,Libretro exact Named_Boxarts match; binary not yet materialized or visually inspected.
17,VG-0018,Donkey Kong,Donkey Kong,Donkey Kong,SOURCE_LABEL_PENDING_VERIFICATION,ColecoVision,ColecoVision,1982.0,1,1970s-1980s,,USA preferred when a North American retail release exists,,,,PENDING_COVER_BINARY_ACQUISITION,False,
18,VG-0019,Cosmic Avenger,Cosmic Avenger,Cosmic Avenger,SOURCE_LABEL_PENDING_VERIFICATION,ColecoVision,ColecoVision,1982.0,2,1970s-1980s,,USA preferred when a North American retail release exists,,,,PENDING_COVER_BINARY_ACQUISITION,False,
19,VG-0020,Galaxian,Galaxian,Galaxian,SOURCE_LABEL_PENDING_VERIFICATION,ColecoVision,ColecoVision,1982.0,3,1970s-1980s,,USA preferred when a North American retail release exists,,,,PENDING_COVER_BINARY_ACQUISITION,False,
20,VG-0021,Qbert,Qbert,Qbert,SOURCE_LABEL_PENDING_VERIFICATION,ColecoVision,ColecoVision,1982.0,4,1970s-1980s,,USA preferred when a North American retail release exists,,,,PENDING_COVER_BINARY_ACQUISITION,False,
21,VG-0022,*Arkanoid*,Arkanoid,Arkanoid,SOURCE_LABEL_PENDING_VERIFICATION,Nintendo Entertainment System,Nintendo Entertainment System,1985.0,1,1970s-1980s,,USA preferred when a North American retail release exists,,,,PENDING_COVER_BINARY_ACQUISITION,True,
22,VG-0023,*Battletoads,Battletoads,Battletoads,SOURCE_LABEL_PENDING_VERIFICATION,Nintendo Entertainment System,Nintendo Entertainment System,1985.0,2,1970s-1980s,,USA preferred when a North American retail release exists,,,,PENDING_COVER_BINARY_ACQUISITION,True,
23,VG-0024,*Burger Time,Burger Time,Burger Time,SOURCE_LABEL_PENDING_VERIFICATION,Nintendo Entertainment System,Nintendo Entertainment System,1985.0,3,1970s-1980s,,USA preferred when a North American retail release exists,,,,PENDING_COVER_BINARY_ACQUISITION,True,
24,VG-0025,*Castlevania,Castlevania,Castlevania,SOURCE_LABEL_PENDING_VERIFICATION,Nintendo Entertainment System,Nintendo Entertainment System,1985.0,4,1970s-1980s,,USA preferred when a North American retail release exists,,,,PENDING_COVER_BINARY_ACQUISITION,True,
25,VG-0026,*Castlevania II,Castlevania II,Castlevania II,SOURCE_LABEL_PENDING_VERIFICATION,Nintendo Entertainment System,Nintendo Entertainment System,1985.0,5,1970s-1980s,,USA preferred when a North American retail release exists,,,,PENDING_COVER_BINARY_ACQUISITION,True,
26,VG-0027,Castlevania III,Castlevania III,Castlevania III,SOURCE_LABEL_PENDING_VERIFICATION,Nintendo Entertainment System,Nintendo Entertainment System,1985.0,6,1970s-1980s,,USA preferred when a North American retail release exists,,,,PENDING_COVER_BINARY_ACQUISITION,False,
27,VG-0028,*Chip N Dale,Chip N Dale,Chip N Dale,SOURCE_LABEL_PENDING_VERIFICATION,Nintendo Entertainment System,Nintendo Entertainment System,1985.0,7,1970s-1980s,,USA preferred when a North American retail release exists,,,,PENDING_COVER_BINARY_ACQUISITION,True,
28,VG-0029,*Contra,Contra,Contra,SOURCE_LABEL_PENDING_VERIFICATION,Nintendo Entertainment System,Nintendo Entertainment System,1985.0,8,1970s-1980s,,USA preferred when a North American retail release exists,,,,PENDING_COVER_BINARY_ACQUISITION,True,
29,VG-0030,*Donkey Kong,Donkey Kong,Donkey Kong,SOURCE_LABEL_PENDING_VERIFICATION,Nintendo Entertainment System,Nintendo Entertainment System,1985.0,9,1970s-1980s,,USA preferred when a North American retail release exists,,,,PENDING_COVER_BINARY_ACQUISITION,True,
30,VG-0031,*Double Dragon,Double Dragon,Double Dragon,SOURCE_LABEL_PENDING_VERIFICATION,Nintendo Entertainment System,Nintendo Entertainment System,1985.0,10,1970s-1980s,,USA preferred when a North American retail release exists,,,,PENDING_COVER_BINARY_ACQUISITION,True,
31,VG-0032,Double Dribble,Double Dribble,Double Dribble,SOURCE_LABEL_PENDING_VERIFICATION,Nintendo Entertainment System,Nintendo Entertainment System,1985.0,11,1970s-1980s,,USA preferred when a North American retail release exists,,,,PENDING_COVER_BINARY_ACQUISITION,False,
32,VG-0033,*Dr. Mario,Dr. Mario,Dr. Mario,SOURCE_LABEL_PENDING_VERIFICATION,Nintendo Entertainment System,Nintendo Entertainment System,1985.0,12,1970s-1980s,,USA preferred when a North American retail release exists,,,,PENDING_COVER_BINARY_ACQUISITION,True,
33,VG-0034,*Ducktales,Ducktales,Ducktales,SOURCE_LABEL_PENDING_VERIFICATION,Nintendo Entertainment System,Nintendo Entertainment System,1985.0,13,1970s-1980s,,USA preferred when a North American retail release exists,,,,PENDING_COVER_BINARY_ACQUISITION,True,
34,VG-0035,* Felix The Cat,Felix The Cat,Felix The Cat,SOURCE_LABEL_PENDING_VERIFICATION,Nintendo Entertainment System,Nintendo Entertainment System,1985.0,14,1970s-1980s,,USA preferred when a North American retail release exists,,,,PENDING_COVER_BINARY_ACQUISITION,True,
35,VG-0036,* Kirby Adventure,Kirby Adventure,Kirby's Adventure,CONSERVATIVE_NORMALIZATION,Nintendo Entertainment System,Nintendo Entertainment System,1985.0,15,1970s-1980s,,USA preferred when a North American retail release exists,,,,PENDING_COVER_BINARY_ACQUISITION,True,
36,VG-0037,* Legend Of Zelda,Legend Of Zelda,The Legend of Zelda,CONSERVATIVE_NORMALIZATION,Nintendo Entertainment System,Nintendo Entertainment System,1985.0,16,1970s-1980s,,USA preferred when a North American retail release exists,,,,PENDING_COVER_BINARY_ACQUISITION,True,
37,VG-0038,* Legend Of Zelda II,Legend Of Zelda II,Zelda II: The Adventure of Link,CONSERVATIVE_NORMALIZATION,Nintendo Entertainment System,Nintendo Entertainment System,1985.0,17,1970s-1980s,,USA preferred when a North American retail release exists,,,,PENDING_COVER_BINARY_ACQUISITION,True,
38,VG-0039,Legendary Wings,Legendary Wings,Legendary Wings,SOURCE_LABEL_PENDING_VERIFICATION,Nintendo Entertainment System,Nintendo Entertainment System,1985.0,18,1970s-1980s,,USA preferred when a North American retail release exists,,,,PENDING_COVER_BINARY_ACQUISITION,False,
39,VG-0040,* Mario Bros,Mario Bros,Mario Bros,SOURCE_LABEL_PENDING_VERIFICATION,Nintendo Entertainment System,Nintendo Entertainment System,1985.0,19,1970s-1980s,,USA preferred when a North American retail release exists,,,,PENDING_COVER_BINARY_ACQUISITION,True,
40,VG-0041,* Megaman,Megaman,Mega Man,CONSERVATIVE_NORMALIZATION,Nintendo Entertainment System,Nintendo Entertainment System,1985.0,20,1970s-1980s,,USA preferred when a North American retail release exists,,,,PENDING_COVER_BINARY_ACQUISITION,True,
41,VG-0042,*Megaman 2,Megaman 2,Mega Man 2,CONSERVATIVE_NORMALIZATION,Nintendo Entertainment System,Nintendo Entertainment System,1985.0,21,1970s-1980s,,USA preferred when a North American retail release exists,,,,PENDING_COVER_BINARY_ACQUISITION,True,
42,VG-0043,* Metal Storm,Metal Storm,Metal Storm,SOURCE_LABEL_PENDING_VERIFICATION,Nintendo Entertainment System,Nintendo Entertainment System,1985.0,22,1970s-1980s,,USA preferred when a North American retail release exists,,,,PENDING_COVER_BINARY_ACQUISITION,True,
43,VG-0044,* Metroid,Metroid,Metroid,SOURCE_LABEL_PENDING_VERIFICATION,Nintendo Entertainment System,Nintendo Entertainment System,1985.0,23,1970s-1980s,,USA preferred when a North American retail release exists,,,,PENDING_COVER_BINARY_ACQUISITION,True,
44,VG-0045,*Mother,Mother,Mother,SOURCE_LABEL_PENDING_VERIFICATION,Nintendo Entertainment System,Nintendo Entertainment System,1985.0,24,1970s-1980s,Famicom release,Japan,,,,PENDING_COVER_BINARY_ACQUISITION,True,Source says NES; original retail release was Japanese Famicom. Needs exact source-intent verification.
45,VG-0046,* Ninja Gaiden,Ninja Gaiden,Ninja Gaiden,SOURCE_LABEL_PENDING_VERIFICATION,Nintendo Entertainment System,Nintendo Entertainment System,1985.0,25,1970s-1980s,,USA preferred when a North American retail release exists,,,,PENDING_COVER_BINARY_ACQUISITION,True,
46,VG-0047,* Nina Gaiden 2,Nina Gaiden 2,Ninja Gaiden II: The Dark Sword of Chaos,CONSERVATIVE_NORMALIZATION,Nintendo Entertainment System,Nintendo Entertainment System,1985.0,26,1970s-1980s,,USA preferred when a North American retail release exists,,,,PENDING_COVER_BINARY_ACQUISITION,True,
47,VG-0048,* Popeye,Popeye,Popeye,SOURCE_LABEL_PENDING_VERIFICATION,Nintendo Entertainment System,Nintendo Entertainment System,1985.0,27,1970s-1980s,,USA preferred when a North American retail release exists,,,,PENDING_COVER_BINARY_ACQUISITION,True,
48,VG-0049,* Punch Out,Punch Out,Punch Out,SOURCE_LABEL_PENDING_VERIFICATION,Nintendo Entertainment System,Nintendo Entertainment System,1985.0,28,1970s-1980s,,USA preferred when a North American retail release exists,,,,PENDING_COVER_BINARY_ACQUISITION,True,
49,VG-0050,*Rampage,Rampage,Rampage,SOURCE_LABEL_PENDING_VERIFICATION,Nintendo Entertainment System,Nintendo Entertainment System,1985.0,29,1970s-1980s,,USA preferred when a North American retail release exists,,,,PENDING_COVER_BINARY_ACQUISITION,True,
50,VG-0051,*Rygar,Rygar,Rygar,SOURCE_LABEL_PENDING_VERIFICATION,Nintendo Entertainment System,Nintendo Entertainment System,1985.0,30,1970s-1980s,,USA preferred when a North American retail release exists,,,,PENDING_COVER_BINARY_ACQUISITION,True,
51,VG-0052,* Super Mario Bros,Super Mario Bros,Super Mario Bros.,CONSERVATIVE_NORMALIZATION,Nintendo Entertainment System,Nintendo Entertainment System,1985.0,31,1970s-1980s,,USA preferred when a North American retail release exists,,,,PENDING_COVER_BINARY_ACQUISITION,True,
52,VG-0053,* Super Mario Bros 2,Super Mario Bros 2,Super Mario Bros. 2,CONSERVATIVE_NORMALIZATION,Nintendo Entertainment System,Nintendo Entertainment System,1985.0,32,1970s-1980s,,USA preferred when a North American retail release exists,,,,PENDING_COVER_BINARY_ACQUISITION,True,
53,VG-0054,* Super Mario Bros 3,Super Mario Bros 3,Super Mario Bros. 3,CONSERVATIVE_NORMALIZATION,Nintendo Entertainment System,Nintendo Entertainment System,1985.0,33,1970s-1980s,,USA preferred when a North American retail release exists,,,,PENDING_COVER_BINARY_ACQUISITION,True,
54,VG-0055,* Tetris,Tetris,Tetris,SOURCE_LABEL_PENDING_VERIFICATION,Nintendo Entertainment System,Nintendo Entertainment System,1985.0,34,1970s-1980s,,USA preferred when a North American retail release exists,,,,PENDING_COVER_BINARY_ACQUISITION,True,
55,VG-0056,* Tiny Toon,Tiny Toon,Tiny Toon,SOURCE_LABEL_PENDING_VERIFICATION,Nintendo Entertainment System,Nintendo Entertainment System,1985.0,35,1970s-1980s,,USA preferred when a North American retail release exists,,,,PENDING_COVER_BINARY_ACQUISITION,True,
56,VG-0057,* TMNT II,TMNT II,Teenage Mutant Ninja Turtles II: The Arcade Game,CONSERVATIVE_NORMALIZATION,Nintendo Entertainment System,Nintendo Entertainment System,1985.0,36,1970s-1980s,,USA preferred when a North American retail release exists,,,,PENDING_COVER_BINARY_ACQUISITION,True,
57,VG-0058,*WWF Wrestlemania (1989),WWF Wrestlemania (1989),WWF Wrestlemania,SOURCE_LABEL_PENDING_VERIFICATION,Nintendo Entertainment System,Nintendo Entertainment System,1985.0,37,1970s-1980s,,USA preferred when a North American retail release exists,,,,PENDING_COVER_BINARY_ACQUISITION,True,Source note: 1989
58,VG-0059,* Alex Kidd,Alex Kidd,Alex Kidd,SOURCE_LABEL_PENDING_VERIFICATION,Sega Master System,Sega Master System,1986.0,1,1970s-1980s,,USA preferred when a North American retail release exists,,,,PENDING_COVER_BINARY_ACQUISITION,True,
59,VG-0060,*Alien Syndrome,Alien Syndrome,Alien Syndrome,SOURCE_LABEL_PENDING_VERIFICATION,Sega Master System,Sega Master System,1986.0,2,1970s-1980s,,USA preferred when a North American retail release exists,,,,PENDING_COVER_BINARY_ACQUISITION,True,
60,VG-0061,* Gangster Town,Gangster Town,Gangster Town,SOURCE_LABEL_PENDING_VERIFICATION,Sega Master System,Sega Master System,1986.0,3,1970s-1980s,,USA preferred when a North American retail release exists,,,,PENDING_COVER_BINARY_ACQUISITION,True,
61,VG-0062,* Land Of Illusion,Land Of Illusion,Land Of Illusion,SOURCE_LABEL_PENDING_VERIFICATION,Sega Master System,Sega Master System,1986.0,4,1970s-1980s,,USA preferred when a North American retail release exists,,,,PENDING_COVER_BINARY_ACQUISITION,True,
62,VG-0063,* Phantasy Star,Phantasy Star,Phantasy Star,SOURCE_LABEL_PENDING_VERIFICATION,Sega Master System,Sega Master System,1986.0,5,1970s-1980s,,USA preferred when a North American retail release exists,,,,PENDING_COVER_BINARY_ACQUISITION,True,
63,VG-0064,*Power Strike II,Power Strike II,Power Strike II,SOURCE_LABEL_PENDING_VERIFICATION,Sega Master System,Sega Master System,1986.0,6,1970s-1980s,,USA preferred when a North American retail release exists,,,,PENDING_COVER_BINARY_ACQUISITION,True,
64,VG-0065,* Shinobi,Shinobi,Shinobi,SOURCE_LABEL_PENDING_VERIFICATION,Sega Master System,Sega Master System,1986.0,7,1970s-1980s,,USA preferred when a North American retail release exists,,,,PENDING_COVER_BINARY_ACQUISITION,True,
65,VG-0066,* Wonderboy 3,Wonderboy 3,Wonder Boy III: The Dragon's Trap,CONSERVATIVE_NORMALIZATION,Sega Master System,Sega Master System,1986.0,8,1970s-1980s,,USA preferred when a North American retail release exists,,,,PENDING_COVER_BINARY_ACQUISITION,True,
66,VG-0067,* Zillion,Zillion,Zillion,SOURCE_LABEL_PENDING_VERIFICATION,Sega Master System,Sega Master System,1986.0,9,1970s-1980s,,USA preferred when a North American retail release exists,,,,PENDING_COVER_BINARY_ACQUISITION,True,
67,VG-0068,*Altered Beast,Altered Beast,Altered Beast,SOURCE_LABEL_PENDING_VERIFICATION,Sega Genesis,Sega Genesis/32X,1989.0,1,1970s-1980s,,USA preferred when a North American retail release exists,,,,PENDING_COVER_BINARY_ACQUISITION,True,
68,VG-0069,Castle Of Illusion,Castle Of Illusion,Castle Of Illusion,SOURCE_LABEL_PENDING_VERIFICATION,Sega Genesis,Sega Genesis/32X,1989.0,2,1970s-1980s,,USA preferred when a North American retail release exists,,,,PENDING_COVER_BINARY_ACQUISITION,False,
69,VG-0070,Castlevania Bloodlines,Castlevania Bloodlines,Castlevania Bloodlines,SOURCE_LABEL_PENDING_VERIFICATION,Sega Genesis,Sega Genesis/32X,1989.0,3,1970s-1980s,,USA preferred when a North American retail release exists,,,,PENDING_COVER_BINARY_ACQUISITION,False,
70,VG-0071,* Comix Zone,Comix Zone,Comix Zone,SOURCE_LABEL_PENDING_VERIFICATION,Sega Genesis,Sega Genesis/32X,1989.0,4,1970s-1980s,,USA preferred when a North American retail release exists,,,,PENDING_COVER_BINARY_ACQUISITION,True,
71,VG-0072,*Contra Hardcorps,Contra Hardcorps,Contra: Hard Corps,CONSERVATIVE_NORMALIZATION,Sega Genesis,Sega Genesis/32X,1989.0,5,1970s-1980s,,USA preferred when a North American retail release exists,,,,PENDING_COVER_BINARY_ACQUISITION,True,
72,VG-0073,*Doom  (32X),Doom  (32X),Doom,SOURCE_LABEL_PENDING_VERIFICATION,Sega 32X,Sega Genesis/32X,1994.0,6,1990s,32X version,USA preferred when a North American retail release exists,,,,PENDING_COVER_BINARY_ACQUISITION,True,Source note: 32X
73,VG-0074,* Dr Robotonik,Dr Robotonik,Dr. Robotnik's Mean Bean Machine,CONSERVATIVE_NORMALIZATION,Sega Genesis,Sega Genesis/32X,1989.0,7,1970s-1980s,,USA preferred when a North American retail release exists,,,,PENDING_COVER_BINARY_ACQUISITION,True,
74,VG-0075,* Earthworm Jim,Earthworm Jim,Earthworm Jim,SOURCE_LABEL_PENDING_VERIFICATION,Sega Genesis,Sega Genesis/32X,1989.0,8,1970s-1980s,,USA preferred when a North American retail release exists,,,,PENDING_COVER_BINARY_ACQUISITION,True,
75,VG-0076,* Ecco The Dolphin,Ecco The Dolphin,Ecco The Dolphin,SOURCE_LABEL_PENDING_VERIFICATION,Sega Genesis,Sega Genesis/32X,1989.0,9,1970s-1980s,,USA preferred when a North American retail release exists,,,,PENDING_COVER_BINARY_ACQUISITION,True,
76,VG-0077,*Ecco The Dolphin Tides Of Time,Ecco The Dolphin Tides Of Time,Ecco The Dolphin Tides Of Time,SOURCE_LABEL_PENDING_VERIFICATION,Sega Genesis,Sega Genesis/32X,1989.0,10,1970s-1980s,,USA preferred when a North American retail release exists,,,,PENDING_COVER_BINARY_ACQUISITION,True,
77,VG-0078,*Ghouls n Ghosts,Ghouls n Ghosts,Ghouls n Ghosts,SOURCE_LABEL_PENDING_VERIFICATION,Sega Genesis,Sega Genesis/32X,1989.0,11,1970s-1980s,,USA preferred when a North American retail release exists,,,,PENDING_COVER_BINARY_ACQUISITION,True,
78,VG-0079,* Golden Axe,Golden Axe,Golden Axe,SOURCE_LABEL_PENDING_VERIFICATION,Sega Genesis,Sega Genesis/32X,1989.0,12,1970s-1980s,,USA preferred when a North American retail release exists,,,,PENDING_COVER_BINARY_ACQUISITION,True,
79,VG-0080,*Golden Axe 2,Golden Axe 2,Golden Axe 2,SOURCE_LABEL_PENDING_VERIFICATION,Sega Genesis,Sega Genesis/32X,1989.0,13,1970s-1980s,,USA preferred when a North American retail release exists,,,,PENDING_COVER_BINARY_ACQUISITION,True,
80,VG-0081,*Gunstar Heroes,Gunstar Heroes,Gunstar Heroes,SOURCE_LABEL_PENDING_VERIFICATION,Sega Genesis,Sega Genesis/32X,1989.0,14,1970s-1980s,,USA preferred when a North American retail release exists,,,,PENDING_COVER_BINARY_ACQUISITION,True,
81,VG-0082,* Hyperstone TMNT,Hyperstone TMNT,Teenage Mutant Ninja Turtles: The Hyperstone Heist,CONSERVATIVE_NORMALIZATION,Sega Genesis,Sega Genesis/32X,1989.0,15,1970s-1980s,,USA preferred when a North American retail release exists,,,,PENDING_COVER_BINARY_ACQUISITION,True,
82,VG-0083,*Kolibri (32X),Kolibri (32X),Kolibri,SOURCE_LABEL_PENDING_VERIFICATION,Sega 32X,Sega Genesis/32X,1994.0,16,1990s,32X version,USA preferred when a North American retail release exists,,,,PENDING_COVER_BINARY_ACQUISITION,True,Source note: 32X
83,VG-0084,Knuckles Chaotix (32X),Knuckles Chaotix (32X),Knuckles Chaotix,SOURCE_LABEL_PENDING_VERIFICATION,Sega 32X,Sega Genesis/32X,1994.0,17,1990s,32X version,USA preferred when a North American retail release exists,,,,PENDING_COVER_BINARY_ACQUISITION,False,Source note: 32X
84,VG-0085,*Metal Head (32X),Metal Head (32X),Metal Head,SOURCE_LABEL_PENDING_VERIFICATION,Sega 32X,Sega Genesis/32X,1994.0,18,1990s,32X version,USA preferred when a North American retail release exists,,,,PENDING_COVER_BINARY_ACQUISITION,True,Source note: 32X
85,VG-0086,* Moonwalker,Moonwalker,Moonwalker,SOURCE_LABEL_PENDING_VERIFICATION,Sega Genesis,Sega Genesis/32X,1989.0,19,1970s-1980s,,USA preferred when a North American retail release exists,,,,PENDING_COVER_BINARY_ACQUISITION,True,
86,VG-0087,* Mortal Kombat,Mortal Kombat,Mortal Kombat,SOURCE_LABEL_PENDING_VERIFICATION,Sega Genesis,Sega Genesis/32X,1989.0,20,1970s-1980s,,USA preferred when a North American retail release exists,,,,PENDING_COVER_BINARY_ACQUISITION,True,
87,VG-0088,* Mortal Kombat II (32x),Mortal Kombat II (32x),Mortal Kombat II,SOURCE_LABEL_PENDING_VERIFICATION,Sega 32X,Sega Genesis/32X,1994.0,21,1990s,,USA preferred when a North American retail release exists,,,,PENDING_COVER_BINARY_ACQUISITION,True,Source note: 32x
88,VG-0089,*Musha,Musha,Musha,SOURCE_LABEL_PENDING_VERIFICATION,Sega Genesis,Sega Genesis/32X,1989.0,22,1970s-1980s,,USA preferred when a North American retail release exists,,,,PENDING_COVER_BINARY_ACQUISITION,True,
89,VG-0090,* NBA Jam,NBA Jam,NBA Jam,SOURCE_LABEL_PENDING_VERIFICATION,Sega Genesis,Sega Genesis/32X,1989.0,23,1970s-1980s,,USA preferred when a North American retail release exists,,,,PENDING_COVER_BINARY_ACQUISITION,True,
90,VG-0091,*Pocahontas,Pocahontas,Pocahontas,SOURCE_LABEL_PENDING_VERIFICATION,Sega Genesis,Sega Genesis/32X,1989.0,24,1970s-1980s,,USA preferred when a North American retail release exists,,,,PENDING_COVER_BINARY_ACQUISITION,True,
91,VG-0092,*Quackshot,Quackshot,Quackshot,SOURCE_LABEL_PENDING_VERIFICATION,Sega Genesis,Sega Genesis/32X,1989.0,25,1970s-1980s,,USA preferred when a North American retail release exists,,,,PENDING_COVER_BINARY_ACQUISITION,True,
92,VG-0093,* Raiden Trad,Raiden Trad,Raiden Trad,SOURCE_LABEL_PENDING_VERIFICATION,Sega Genesis,Sega Genesis/32X,1989.0,26,1970s-1980s,,USA preferred when a North American retail release exists,,,,PENDING_COVER_BINARY_ACQUISITION,True,
93,VG-0094,* Robocop vs Terminator,Robocop vs Terminator,RoboCop Versus The Terminator,CONSERVATIVE_NORMALIZATION,Sega Genesis,Sega Genesis/32X,1989.0,27,1970s-1980s,,USA preferred when a North American retail release exists,,,,PENDING_COVER_BINARY_ACQUISITION,True,
94,VG-0095,*The Simpsons: Bart vs Space Mutants,The Simpsons: Bart vs Space Mutants,The Simpsons: Bart vs Space Mutants,SOURCE_LABEL_PENDING_VERIFICATION,Sega Genesis,Sega Genesis/32X,1989.0,28,1970s-1980s,,USA preferred when a North American retail release exists,,,,PENDING_COVER_BINARY_ACQUISITION,True,
95,VG-0096,* Shinobi III,Shinobi III,Shinobi III,SOURCE_LABEL_PENDING_VERIFICATION,Sega Genesis,Sega Genesis/32X,1989.0,29,1970s-1980s,,USA preferred when a North American retail release exists,,,,PENDING_COVER_BINARY_ACQUISITION,True,
96,VG-0097,* Sonic 1,Sonic 1,Sonic 1,SOURCE_LABEL_PENDING_VERIFICATION,Sega Genesis,Sega Genesis/32X,1989.0,30,1970s-1980s,,USA preferred when a North American retail release exists,,,,PENDING_COVER_BINARY_ACQUISITION,True,
97,VG-0098,* Sonic 2,Sonic 2,Sonic 2,SOURCE_LABEL_PENDING_VERIFICATION,Sega Genesis,Sega Genesis/32X,1989.0,31,1970s-1980s,,USA preferred when a North American retail release exists,,,,PENDING_COVER_BINARY_ACQUISITION,True,
98,VG-0099,* Sonic 3,Sonic 3,Sonic 3,SOURCE_LABEL_PENDING_VERIFICATION,Sega Genesis,Sega Genesis/32X,1989.0,32,1970s-1980s,,USA preferred when a North American retail release exists,,,,PENDING_COVER_BINARY_ACQUISITION,True,
99,VG-0100,*Space Harrier (32X),Space Harrier (32X),Space Harrier,SOURCE_LABEL_PENDING_VERIFICATION,Sega 32X,Sega Genesis/32X,1994.0,33,1990s,32X version,USA preferred when a North American retail release exists,,,,PENDING_COVER_BINARY_ACQUISITION,True,Source note: 32X
100,VG-0101,*Star Wars Arcade (32X),Star Wars Arcade (32X),Star Wars Arcade,SOURCE_LABEL_PENDING_VERIFICATION,Sega 32X,Sega Genesis/32X,1994.0,34,1990s,32X version,USA preferred when a North American retail release exists,,,,PENDING_COVER_BINARY_ACQUISITION,True,Source note: 32X
101,VG-0102,* Streets Of Rage,Streets Of Rage,Streets Of Rage,SOURCE_LABEL_PENDING_VERIFICATION,Sega Genesis,Sega Genesis/32X,1989.0,35,1970s-1980s,,USA preferred when a North American retail release exists,,,,PENDING_COVER_BINARY_ACQUISITION,True,
102,VG-0103,* Streets Of Rage 2,Streets Of Rage 2,Streets Of Rage 2,SOURCE_LABEL_PENDING_VERIFICATION,Sega Genesis,Sega Genesis/32X,1989.0,36,1970s-1980s,,USA preferred when a North American retail release exists,,,,PENDING_COVER_BINARY_ACQUISITION,True,
103,VG-0104,*Streets Of Rage 3,Streets Of Rage 3,Streets Of Rage 3,SOURCE_LABEL_PENDING_VERIFICATION,Sega Genesis,Sega Genesis/32X,1989.0,37,1970s-1980s,,USA preferred when a North American retail release exists,,,,PENDING_COVER_BINARY_ACQUISITION,True,
104,VG-0105,*Strider,Strider,Strider,SOURCE_LABEL_PENDING_VERIFICATION,Sega Genesis,Sega Genesis/32X,1989.0,38,1970s-1980s,,USA preferred when a North American retail release exists,,,,PENDING_COVER_BINARY_ACQUISITION,True,
105,VG-0106,* Super Street Fighter II,Super Street Fighter II,Super Street Fighter II,SOURCE_LABEL_PENDING_VERIFICATION,Sega Genesis,Sega Genesis/32X,1989.0,39,1970s-1980s,,USA preferred when a North American retail release exists,,,,PENDING_COVER_BINARY_ACQUISITION,True,
106,VG-0107,* The Ooze,The Ooze,The Ooze,SOURCE_LABEL_PENDING_VERIFICATION,Sega Genesis,Sega Genesis/32X,1989.0,40,1970s-1980s,,USA preferred when a North American retail release exists,,,,PENDING_COVER_BINARY_ACQUISITION,True,
107,VG-0108,* The Punisher,The Punisher,The Punisher,SOURCE_LABEL_PENDING_VERIFICATION,Sega Genesis,Sega Genesis/32X,1989.0,41,1970s-1980s,,USA preferred when a North American retail release exists,,,,PENDING_COVER_BINARY_ACQUISITION,True,
108,VG-0109,* ToeJam & Earl,ToeJam & Earl,ToeJam & Earl,SOURCE_LABEL_PENDING_VERIFICATION,Sega Genesis,Sega Genesis/32X,1989.0,42,1970s-1980s,,USA preferred when a North American retail release exists,,,,PENDING_COVER_BINARY_ACQUISITION,True,
109,VG-0110,*Thunderforce IV,Thunderforce IV,Thunderforce IV,SOURCE_LABEL_PENDING_VERIFICATION,Sega Genesis,Sega Genesis/32X,1989.0,43,1970s-1980s,,USA preferred when a North American retail release exists,,,,PENDING_COVER_BINARY_ACQUISITION,True,
110,VG-0111,* Vectorman,Vectorman,Vectorman,SOURCE_LABEL_PENDING_VERIFICATION,Sega Genesis,Sega Genesis/32X,1989.0,44,1970s-1980s,,USA preferred when a North American retail release exists,,,,PENDING_COVER_BINARY_ACQUISITION,True,
111,VG-0112,*Virtua Fighter (32X),Virtua Fighter (32X),Virtua Fighter,SOURCE_LABEL_PENDING_VERIFICATION,Sega 32X,Sega Genesis/32X,1994.0,45,1990s,32X version,USA preferred when a North American retail release exists,,,,PENDING_COVER_BINARY_ACQUISITION,True,Source note: 32X
112,VG-0113,*World Of Illusion,World Of Illusion,World Of Illusion,SOURCE_LABEL_PENDING_VERIFICATION,Sega Genesis,Sega Genesis/32X,1989.0,46,1970s-1980s,,USA preferred when a North American retail release exists,,,,PENDING_COVER_BINARY_ACQUISITION,True,
113,VG-0114,* X-Men 2 Clone Wars,X-Men 2 Clone Wars,X-Men 2 Clone Wars,SOURCE_LABEL_PENDING_VERIFICATION,Sega Genesis,Sega Genesis/32X,1989.0,47,1970s-1980s,,USA preferred when a North American retail release exists,,,,PENDING_COVER_BINARY_ACQUISITION,True,
114,VG-0115,*Zombies At My Neighbors,Zombies At My Neighbors,Zombies Ate My Neighbors,CONSERVATIVE_NORMALIZATION,Sega Genesis,Sega Genesis/32X,1989.0,48,1970s-1980s,,USA preferred when a North American retail release exists,,,,PENDING_COVER_BINARY_ACQUISITION,True,
115,VG-0116,*Kirby's Dreamland,Kirby's Dreamland,Kirby's Dream Land,CONSERVATIVE_NORMALIZATION,Game Boy,Game Boy / Game Boy Color,1989.0,1,1970s-1980s,,USA preferred when a North American retail release exists,,,,PENDING_COVER_BINARY_ACQUISITION,True,
116,VG-0117,* Kirby's Dream Land II,Kirby's Dream Land II,Kirby's Dream Land II,SOURCE_LABEL_PENDING_VERIFICATION,Game Boy,Game Boy / Game Boy Color,1989.0,2,1970s-1980s,,USA preferred when a North American retail release exists,,,,PENDING_COVER_BINARY_ACQUISITION,True,
117,VG-0118,*Legend Of Zelda Oracle Of Ages,Legend Of Zelda Oracle Of Ages,The Legend of Zelda: Oracle of Ages,CONSERVATIVE_NORMALIZATION,Game Boy Color,Game Boy / Game Boy Color,1998.0,3,1990s,,USA preferred when a North American retail release exists,,,,PENDING_COVER_BINARY_ACQUISITION,True,
118,VG-0119,*Megaman V,Megaman V,Mega Man V,CONSERVATIVE_NORMALIZATION,Game Boy,Game Boy / Game Boy Color,1989.0,4,1970s-1980s,,USA preferred when a North American retail release exists,,,,PENDING_COVER_BINARY_ACQUISITION,True,
119,VG-0120,*Metroid II,Metroid II,Metroid II,SOURCE_LABEL_PENDING_VERIFICATION,Game Boy,Game Boy / Game Boy Color,1989.0,5,1970s-1980s,,USA preferred when a North American retail release exists,,,,PENDING_COVER_BINARY_ACQUISITION,True,
120,VG-0121,*Shantae,Shantae,Shantae,SOURCE_LABEL_PENDING_VERIFICATION,Game Boy Color,Game Boy / Game Boy Color,1998.0,6,1990s,,USA preferred when a North American retail release exists,,,,PENDING_COVER_BINARY_ACQUISITION,True,
121,VG-0122,*Super Mario Bros. Deluxe,Super Mario Bros. Deluxe,Super Mario Bros. Deluxe,SOURCE_LABEL_PENDING_VERIFICATION,Game Boy Color,Game Boy / Game Boy Color,1998.0,7,1990s,,USA preferred when a North American retail release exists,,,,PENDING_COVER_BINARY_ACQUISITION,True,
122,VG-0123,*Tetris,Tetris,Tetris,SOURCE_LABEL_PENDING_VERIFICATION,Game Boy,Game Boy / Game Boy Color,1989.0,8,1970s-1980s,,USA preferred when a North American retail release exists,,,,PENDING_COVER_BINARY_ACQUISITION,True,
123,VG-0124,* Tetris DX,Tetris DX,Tetris DX,SOURCE_LABEL_PENDING_VERIFICATION,Game Boy Color,Game Boy / Game Boy Color,1998.0,9,1990s,,USA preferred when a North American retail release exists,,,,PENDING_COVER_BINARY_ACQUISITION,True,
124,VG-0125,* Wario Land,Wario Land,Wario Land: Super Mario Land 3,CONSERVATIVE_NORMALIZATION,Game Boy,Game Boy / Game Boy Color,1989.0,10,1970s-1980s,,USA preferred when a North American retail release exists,,,,PENDING_COVER_BINARY_ACQUISITION,True,
125,VG-0126,* Wario Land II,Wario Land II,Wario Land II,SOURCE_LABEL_PENDING_VERIFICATION,Game Boy,Game Boy / Game Boy Color,1989.0,11,1970s-1980s,,USA preferred when a North American retail release exists,,,,PENDING_COVER_BINARY_ACQUISITION,True,
126,VG-0127,*Wario Land 3,Wario Land 3,Wario Land 3,SOURCE_LABEL_PENDING_VERIFICATION,Game Boy Color,Game Boy / Game Boy Color,1998.0,12,1990s,,USA preferred when a North American retail release exists,,,,PENDING_COVER_BINARY_ACQUISITION,True,
127,VG-0128,Alien Crush,Alien Crush,Alien Crush,SOURCE_LABEL_PENDING_VERIFICATION,TurboGrafx-16 ecosystem (source label),TurboGrafx-16,1989.0,1,1970s-1980s,,USA preferred when a North American retail release exists,,,,PENDING_COVER_BINARY_ACQUISITION,False,Verify TurboGrafx-16 vs TurboGrafx-CD/PC Engine version and region before cover retrieval.
128,VG-0129,Batman,Batman,Batman,SOURCE_LABEL_PENDING_VERIFICATION,TurboGrafx-16 ecosystem (source label),TurboGrafx-16,1989.0,2,1970s-1980s,,USA preferred when a North American retail release exists,,,,PENDING_COVER_BINARY_ACQUISITION,False,Verify TurboGrafx-16 vs TurboGrafx-CD/PC Engine version and region before cover retrieval.
129,VG-0130,Blazing Lasers,Blazing Lasers,Blazing Lasers,SOURCE_LABEL_PENDING_VERIFICATION,TurboGrafx-16 ecosystem (source label),TurboGrafx-16,1989.0,3,1970s-1980s,,USA preferred when a North American retail release exists,,,,PENDING_COVER_BINARY_ACQUISITION,False,Verify TurboGrafx-16 vs TurboGrafx-CD/PC Engine version and region before cover retrieval.
130,VG-0131,Bloody Wolf,Bloody Wolf,Bloody Wolf,SOURCE_LABEL_PENDING_VERIFICATION,TurboGrafx-16 ecosystem (source label),TurboGrafx-16,1989.0,4,1970s-1980s,,USA preferred when a North American retail release exists,,,,PENDING_COVER_BINARY_ACQUISITION,False,Verify TurboGrafx-16 vs TurboGrafx-CD/PC Engine version and region before cover retrieval.
131,VG-0132,Bonks Adventure,Bonks Adventure,Bonk's Adventure,CONSERVATIVE_NORMALIZATION,TurboGrafx-16 ecosystem (source label),TurboGrafx-16,1989.0,5,1970s-1980s,,USA preferred when a North American retail release exists,,,,PENDING_COVER_BINARY_ACQUISITION,False,Verify TurboGrafx-16 vs TurboGrafx-CD/PC Engine version and region before cover retrieval.
132,VG-0133,Bonks Adventure 2,Bonks Adventure 2,Bonk's Revenge,CONSERVATIVE_NORMALIZATION,TurboGrafx-16 ecosystem (source label),TurboGrafx-16,1989.0,6,1970s-1980s,,USA preferred when a North American retail release exists,,,,PENDING_COVER_BINARY_ACQUISITION,False,Verify TurboGrafx-16 vs TurboGrafx-CD/PC Engine version and region before cover retrieval.
133,VG-0134,Bonks Adventure 3,Bonks Adventure 3,Bonk 3: Bonk's Big Adventure,CONSERVATIVE_NORMALIZATION,TurboGrafx-16 ecosystem (source label),TurboGrafx-16,1989.0,7,1970s-1980s,,USA preferred when a North American retail release exists,,,,PENDING_COVER_BINARY_ACQUISITION,False,Verify TurboGrafx-16 vs TurboGrafx-CD/PC Engine version and region before cover retrieval.
134,VG-0135,Devils Crush,Devils Crush,Devil's Crush,CONSERVATIVE_NORMALIZATION,TurboGrafx-16 ecosystem (source label),TurboGrafx-16,1989.0,8,1970s-1980s,,USA preferred when a North American retail release exists,,,,PENDING_COVER_BINARY_ACQUISITION,False,Verify TurboGrafx-16 vs TurboGrafx-CD/PC Engine version and region before cover retrieval.
135,VG-0136,Dracula X,Dracula X,Dracula X,SOURCE_LABEL_PENDING_VERIFICATION,TurboGrafx-16 ecosystem (source label),TurboGrafx-16,1989.0,9,1970s-1980s,,USA preferred when a North American retail release exists,,,,PENDING_COVER_BINARY_ACQUISITION,False,Verify TurboGrafx-16 vs TurboGrafx-CD/PC Engine version and region before cover retrieval.
136,VG-0137,Final Zone II,Final Zone II,Final Zone II,SOURCE_LABEL_PENDING_VERIFICATION,TurboGrafx-16 ecosystem (source label),TurboGrafx-16,1989.0,10,1970s-1980s,,USA preferred when a North American retail release exists,,,,PENDING_COVER_BINARY_ACQUISITION,False,Verify TurboGrafx-16 vs TurboGrafx-CD/PC Engine version and region before cover retrieval.
137,VG-0138,Galaga 88,Galaga 88,Galaga 88,SOURCE_LABEL_PENDING_VERIFICATION,TurboGrafx-16 ecosystem (source label),TurboGrafx-16,1989.0,11,1970s-1980s,,USA preferred when a North American retail release exists,,,,PENDING_COVER_BINARY_ACQUISITION,False,Verify TurboGrafx-16 vs TurboGrafx-CD/PC Engine version and region before cover retrieval.
138,VG-0139,Galaga 90,Galaga 90,Galaga 90,SOURCE_LABEL_PENDING_VERIFICATION,TurboGrafx-16 ecosystem (source label),TurboGrafx-16,1989.0,12,1970s-1980s,,USA preferred when a North American retail release exists,,,,PENDING_COVER_BINARY_ACQUISITION,False,Verify TurboGrafx-16 vs TurboGrafx-CD/PC Engine version and region before cover retrieval.
139,VG-0140,Gates Of Thunder,Gates Of Thunder,Gates Of Thunder,SOURCE_LABEL_PENDING_VERIFICATION,TurboGrafx-16 ecosystem (source label),TurboGrafx-16,1989.0,13,1970s-1980s,,USA preferred when a North American retail release exists,,,,PENDING_COVER_BINARY_ACQUISITION,False,Verify TurboGrafx-16 vs TurboGrafx-CD/PC Engine version and region before cover retrieval.
140,VG-0141,Gradius,Gradius,Gradius,SOURCE_LABEL_PENDING_VERIFICATION,TurboGrafx-16 ecosystem (source label),TurboGrafx-16,1989.0,14,1970s-1980s,,USA preferred when a North American retail release exists,,,,PENDING_COVER_BINARY_ACQUISITION,False,Verify TurboGrafx-16 vs TurboGrafx-CD/PC Engine version and region before cover retrieval.
141,VG-0142,The Legendary Axe,The Legendary Axe,The Legendary Axe,SOURCE_LABEL_PENDING_VERIFICATION,TurboGrafx-16 ecosystem (source label),TurboGrafx-16,1989.0,15,1970s-1980s,,USA preferred when a North American retail release exists,,,,PENDING_COVER_BINARY_ACQUISITION,False,Verify TurboGrafx-16 vs TurboGrafx-CD/PC Engine version and region before cover retrieval.
142,VG-0143,Lords Of Thunder,Lords Of Thunder,Lords Of Thunder,SOURCE_LABEL_PENDING_VERIFICATION,TurboGrafx-16 ecosystem (source label),TurboGrafx-16,1989.0,16,1970s-1980s,,USA preferred when a North American retail release exists,,,,PENDING_COVER_BINARY_ACQUISITION,False,Verify TurboGrafx-16 vs TurboGrafx-CD/PC Engine version and region before cover retrieval.
143,VG-0144,Neutopia,Neutopia,Neutopia,SOURCE_LABEL_PENDING_VERIFICATION,TurboGrafx-16 ecosystem (source label),TurboGrafx-16,1989.0,17,1970s-1980s,,USA preferred when a North American retail release exists,,,,PENDING_COVER_BINARY_ACQUISITION,False,Verify TurboGrafx-16 vs TurboGrafx-CD/PC Engine version and region before cover retrieval.
144,VG-0145,Ninja Spirit,Ninja Spirit,Ninja Spirit,SOURCE_LABEL_PENDING_VERIFICATION,TurboGrafx-16 ecosystem (source label),TurboGrafx-16,1989.0,18,1970s-1980s,,USA preferred when a North American retail release exists,,,,PENDING_COVER_BINARY_ACQUISITION,False,Verify TurboGrafx-16 vs TurboGrafx-CD/PC Engine version and region before cover retrieval.
145,VG-0146,Outrun,Outrun,Outrun,SOURCE_LABEL_PENDING_VERIFICATION,TurboGrafx-16 ecosystem (source label),TurboGrafx-16,1989.0,19,1970s-1980s,,USA preferred when a North American retail release exists,,,,PENDING_COVER_BINARY_ACQUISITION,False,Verify TurboGrafx-16 vs TurboGrafx-CD/PC Engine version and region before cover retrieval.
146,VG-0147,Raiden,Raiden,Raiden,SOURCE_LABEL_PENDING_VERIFICATION,TurboGrafx-16 ecosystem (source label),TurboGrafx-16,1989.0,20,1970s-1980s,,USA preferred when a North American retail release exists,,,,PENDING_COVER_BINARY_ACQUISITION,False,Verify TurboGrafx-16 vs TurboGrafx-CD/PC Engine version and region before cover retrieval.
147,VG-0148,R-Type,R-Type,R-Type,SOURCE_LABEL_PENDING_VERIFICATION,TurboGrafx-16 ecosystem (source label),TurboGrafx-16,1989.0,21,1970s-1980s,,USA preferred when a North American retail release exists,,,,PENDING_COVER_BINARY_ACQUISITION,False,Verify TurboGrafx-16 vs TurboGrafx-CD/PC Engine version and region before cover retrieval.
148,VG-0149,Soldier Blade,Soldier Blade,Soldier Blade,SOURCE_LABEL_PENDING_VERIFICATION,TurboGrafx-16 ecosystem (source label),TurboGrafx-16,1989.0,22,1970s-1980s,,USA preferred when a North American retail release exists,,,,PENDING_COVER_BINARY_ACQUISITION,False,Verify TurboGrafx-16 vs TurboGrafx-CD/PC Engine version and region before cover retrieval.
149,VG-0150,Super Star Solider,Super Star Solider,Super Star Soldier,CONSERVATIVE_NORMALIZATION,TurboGrafx-16 ecosystem (source label),TurboGrafx-16,1989.0,23,1970s-1980s,,USA preferred when a North American retail release exists,,,,PENDING_COVER_BINARY_ACQUISITION,False,Verify TurboGrafx-16 vs TurboGrafx-CD/PC Engine version and region before cover retrieval.
150,VG-0151,Ys,Ys,Ys,SOURCE_LABEL_PENDING_VERIFICATION,TurboGrafx-16 ecosystem (source label),TurboGrafx-16,1989.0,24,1970s-1980s,,USA preferred when a North American retail release exists,,,,PENDING_COVER_BINARY_ACQUISITION,False,Verify TurboGrafx-16 vs TurboGrafx-CD/PC Engine version and region before cover retrieval.
151,VG-0152,Galaga ‘91,Galaga ‘91,Galaga ‘91,SOURCE_LABEL_PENDING_VERIFICATION,Sega Game Gear,Sega Game Gear,1990.0,1,1990s,,USA preferred when a North American retail release exists,,,,PENDING_COVER_BINARY_ACQUISITION,False,
152,VG-0153,Mighty Morphin Power Rangers,Mighty Morphin Power Rangers,Mighty Morphin Power Rangers,SOURCE_LABEL_PENDING_VERIFICATION,Sega Game Gear,Sega Game Gear,1990.0,2,1990s,,USA preferred when a North American retail release exists,,,,PENDING_COVER_BINARY_ACQUISITION,False,
153,VG-0154,Shinobi,Shinobi,Shinobi,SOURCE_LABEL_PENDING_VERIFICATION,Sega Game Gear,Sega Game Gear,1990.0,3,1990s,,USA preferred when a North American retail release exists,,,,PENDING_COVER_BINARY_ACQUISITION,False,
154,VG-0155,Sonic Triple Trouble,Sonic Triple Trouble,Sonic Triple Trouble,SOURCE_LABEL_PENDING_VERIFICATION,Sega Game Gear,Sega Game Gear,1990.0,4,1990s,,USA preferred when a North American retail release exists,,,,PENDING_COVER_BINARY_ACQUISITION,False,
155,VG-0156,Street of Rage 2,Street of Rage 2,Street of Rage 2,SOURCE_LABEL_PENDING_VERIFICATION,Sega Game Gear,Sega Game Gear,1990.0,5,1990s,,USA preferred when a North American retail release exists,,,,PENDING_COVER_BINARY_ACQUISITION,False,
156,VG-0157,Tails Adventure,Tails Adventure,Tails Adventure,SOURCE_LABEL_PENDING_VERIFICATION,Sega Game Gear,Sega Game Gear,1990.0,6,1990s,,USA preferred when a North American retail release exists,,,,PENDING_COVER_BINARY_ACQUISITION,False,
157,VG-0158,*Adventures of Batman & Robin,Adventures of Batman & Robin,Adventures of Batman & Robin,SOURCE_LABEL_PENDING_VERIFICATION,Super Nintendo Entertainment System,Super Nintendo Entertainment System,1991.0,1,1990s,,USA preferred when a North American retail release exists,,,,PENDING_COVER_BINARY_ACQUISITION,True,
158,VG-0159,*Aladdin,Aladdin,Aladdin,SOURCE_LABEL_PENDING_VERIFICATION,Super Nintendo Entertainment System,Super Nintendo Entertainment System,1991.0,2,1990s,,USA preferred when a North American retail release exists,,,,PENDING_COVER_BINARY_ACQUISITION,True,
159,VG-0160,* Castlevania IV,Castlevania IV,Super Castlevania IV,CONSERVATIVE_NORMALIZATION,Super Nintendo Entertainment System,Super Nintendo Entertainment System,1991.0,3,1990s,,USA preferred when a North American retail release exists,,,,PENDING_COVER_BINARY_ACQUISITION,True,
160,VG-0161,* Chrono Trigger,Chrono Trigger,Chrono Trigger,SOURCE_LABEL_PENDING_VERIFICATION,Super Nintendo Entertainment System,Super Nintendo Entertainment System,1991.0,4,1990s,,USA preferred when a North American retail release exists,,,,PENDING_COVER_BINARY_ACQUISITION,True,
161,VG-0162,*Contra 3,Contra 3,Contra III: The Alien Wars,CONSERVATIVE_NORMALIZATION,Super Nintendo Entertainment System,Super Nintendo Entertainment System,1991.0,5,1990s,,USA preferred when a North American retail release exists,,,,PENDING_COVER_BINARY_ACQUISITION,True,
162,VG-0163,* Donkey Kong Country,Donkey Kong Country,Donkey Kong Country,SOURCE_LABEL_PENDING_VERIFICATION,Super Nintendo Entertainment System,Super Nintendo Entertainment System,1991.0,6,1990s,,USA preferred when a North American retail release exists,,,,PENDING_COVER_BINARY_ACQUISITION,True,
163,VG-0164,* Donkey Kong Country 2,Donkey Kong Country 2,Donkey Kong Country 2,SOURCE_LABEL_PENDING_VERIFICATION,Super Nintendo Entertainment System,Super Nintendo Entertainment System,1991.0,7,1990s,,USA preferred when a North American retail release exists,,,,PENDING_COVER_BINARY_ACQUISITION,True,
164,VG-0165,* Donkey Kong Country 3,Donkey Kong Country 3,Donkey Kong Country 3,SOURCE_LABEL_PENDING_VERIFICATION,Super Nintendo Entertainment System,Super Nintendo Entertainment System,1991.0,8,1990s,,USA preferred when a North American retail release exists,,,,PENDING_COVER_BINARY_ACQUISITION,True,
165,VG-0166,* Earthbound,Earthbound,Earthbound,SOURCE_LABEL_PENDING_VERIFICATION,Super Nintendo Entertainment System,Super Nintendo Entertainment System,1991.0,9,1990s,,USA preferred when a North American retail release exists,,,,PENDING_COVER_BINARY_ACQUISITION,True,
166,VG-0167,*Final Fight,Final Fight,Final Fight,SOURCE_LABEL_PENDING_VERIFICATION,Super Nintendo Entertainment System,Super Nintendo Entertainment System,1991.0,10,1990s,,USA preferred when a North American retail release exists,,,,PENDING_COVER_BINARY_ACQUISITION,True,
167,VG-0168,*Final Fight II,Final Fight II,Final Fight II,SOURCE_LABEL_PENDING_VERIFICATION,Super Nintendo Entertainment System,Super Nintendo Entertainment System,1991.0,11,1990s,,USA preferred when a North American retail release exists,,,,PENDING_COVER_BINARY_ACQUISITION,True,
168,VG-0169,*Final Fight III,Final Fight III,Final Fight III,SOURCE_LABEL_PENDING_VERIFICATION,Super Nintendo Entertainment System,Super Nintendo Entertainment System,1991.0,12,1990s,,USA preferred when a North American retail release exists,,,,PENDING_COVER_BINARY_ACQUISITION,True,
169,VG-0170,*Final Fantasy VI,Final Fantasy VI,Final Fantasy VI,SOURCE_LABEL_PENDING_VERIFICATION,Super Nintendo Entertainment System,Super Nintendo Entertainment System,1991.0,13,1990s,,USA preferred when a North American retail release exists,,,,PENDING_COVER_BINARY_ACQUISITION,True,
170,VG-0171,* Goofs Troop,Goofs Troop,Goof Troop,CONSERVATIVE_NORMALIZATION,Super Nintendo Entertainment System,Super Nintendo Entertainment System,1991.0,14,1990s,,USA preferred when a North American retail release exists,,,,PENDING_COVER_BINARY_ACQUISITION,True,
171,VG-0172,* Kirby Dreamland 3,Kirby Dreamland 3,Kirby's Dream Land 3,CONSERVATIVE_NORMALIZATION,Super Nintendo Entertainment System,Super Nintendo Entertainment System,1991.0,15,1990s,,USA preferred when a North American retail release exists,,,,PENDING_COVER_BINARY_ACQUISITION,True,
172,VG-0173,* Legend Of The Mystical Ninja,Legend Of The Mystical Ninja,Legend Of The Mystical Ninja,SOURCE_LABEL_PENDING_VERIFICATION,Super Nintendo Entertainment System,Super Nintendo Entertainment System,1991.0,16,1990s,,USA preferred when a North American retail release exists,,,,PENDING_COVER_BINARY_ACQUISITION,True,
173,VG-0174,* The Lion King,The Lion King,The Lion King,SOURCE_LABEL_PENDING_VERIFICATION,Super Nintendo Entertainment System,Super Nintendo Entertainment System,1991.0,17,1990s,,USA preferred when a North American retail release exists,,,,PENDING_COVER_BINARY_ACQUISITION,True,
174,VG-0175,* Link 2 The Past,Link 2 The Past,The Legend of Zelda: A Link to the Past,CONSERVATIVE_NORMALIZATION,Super Nintendo Entertainment System,Super Nintendo Entertainment System,1991.0,18,1990s,,USA preferred when a North American retail release exists,,,,PENDING_COVER_BINARY_ACQUISITION,True,
175,VG-0176,* Mega Man X,Mega Man X,Mega Man X,SOURCE_LABEL_PENDING_VERIFICATION,Super Nintendo Entertainment System,Super Nintendo Entertainment System,1991.0,19,1990s,,USA preferred when a North American retail release exists,,,,PENDING_COVER_BINARY_ACQUISITION,True,
176,VG-0177,* Mega Man X3,Mega Man X3,Mega Man X3,SOURCE_LABEL_PENDING_VERIFICATION,Super Nintendo Entertainment System,Super Nintendo Entertainment System,1991.0,20,1990s,,USA preferred when a North American retail release exists,,,,PENDING_COVER_BINARY_ACQUISITION,True,
177,VG-0178,Nba Live 95,Nba Live 95,Nba Live 95,SOURCE_LABEL_PENDING_VERIFICATION,Super Nintendo Entertainment System,Super Nintendo Entertainment System,1991.0,21,1990s,,USA preferred when a North American retail release exists,,,,PENDING_COVER_BINARY_ACQUISITION,False,
178,VG-0179,*Pinocchio,Pinocchio,Pinocchio,SOURCE_LABEL_PENDING_VERIFICATION,Super Nintendo Entertainment System,Super Nintendo Entertainment System,1991.0,22,1990s,,USA preferred when a North American retail release exists,,,,PENDING_COVER_BINARY_ACQUISITION,True,
179,VG-0180,*Rap Jam Volume One,Rap Jam Volume One,Rap Jam Volume One,SOURCE_LABEL_PENDING_VERIFICATION,Super Nintendo Entertainment System,Super Nintendo Entertainment System,1991.0,23,1990s,,USA preferred when a North American retail release exists,,,,PENDING_COVER_BINARY_ACQUISITION,True,
180,VG-0181,* Secret Of Mana,Secret Of Mana,Secret Of Mana,SOURCE_LABEL_PENDING_VERIFICATION,Super Nintendo Entertainment System,Super Nintendo Entertainment System,1991.0,24,1990s,,USA preferred when a North American retail release exists,,,,PENDING_COVER_BINARY_ACQUISITION,True,
181,VG-0182,The Simpsons: Barts Nightmare,The Simpsons: Barts Nightmare,The Simpsons: Barts Nightmare,SOURCE_LABEL_PENDING_VERIFICATION,Super Nintendo Entertainment System,Super Nintendo Entertainment System,1991.0,25,1990s,,USA preferred when a North American retail release exists,,,,PENDING_COVER_BINARY_ACQUISITION,False,
182,VG-0183,* Star Fox,Star Fox,Star Fox,SOURCE_LABEL_PENDING_VERIFICATION,Super Nintendo Entertainment System,Super Nintendo Entertainment System,1991.0,26,1990s,,USA preferred when a North American retail release exists,,,,PENDING_COVER_BINARY_ACQUISITION,True,
183,VG-0184,*Sunset Riders*,Sunset Riders,Sunset Riders,SOURCE_LABEL_PENDING_VERIFICATION,Super Nintendo Entertainment System,Super Nintendo Entertainment System,1991.0,27,1990s,,USA preferred when a North American retail release exists,,,,PENDING_COVER_BINARY_ACQUISITION,True,
184,VG-0185,* Super Double Dragon,Super Double Dragon,Super Double Dragon,SOURCE_LABEL_PENDING_VERIFICATION,Super Nintendo Entertainment System,Super Nintendo Entertainment System,1991.0,28,1990s,,USA preferred when a North American retail release exists,,,,PENDING_COVER_BINARY_ACQUISITION,True,
185,VG-0186,* Super Mario All Stars,Super Mario All Stars,Super Mario All Stars,SOURCE_LABEL_PENDING_VERIFICATION,Super Nintendo Entertainment System,Super Nintendo Entertainment System,1991.0,29,1990s,,USA preferred when a North American retail release exists,,,,PENDING_COVER_BINARY_ACQUISITION,True,
186,VG-0187,* Super Mario Kart,Super Mario Kart,Super Mario Kart,SOURCE_LABEL_PENDING_VERIFICATION,Super Nintendo Entertainment System,Super Nintendo Entertainment System,1991.0,30,1990s,,USA preferred when a North American retail release exists,,,,PENDING_COVER_BINARY_ACQUISITION,True,
187,VG-0188,* Super Mario RPG,Super Mario RPG,Super Mario RPG,SOURCE_LABEL_PENDING_VERIFICATION,Super Nintendo Entertainment System,Super Nintendo Entertainment System,1991.0,31,1990s,,USA preferred when a North American retail release exists,,,,PENDING_COVER_BINARY_ACQUISITION,True,
188,VG-0189,* Super Mario World,Super Mario World,Super Mario World,SOURCE_LABEL_PENDING_VERIFICATION,Super Nintendo Entertainment System,Super Nintendo Entertainment System,1991.0,32,1990s,,USA preferred when a North American retail release exists,,,,PENDING_COVER_BINARY_ACQUISITION,True,
189,VG-0190,* Super Metroid,Super Metroid,Super Metroid,SOURCE_LABEL_PENDING_VERIFICATION,Super Nintendo Entertainment System,Super Nintendo Entertainment System,1991.0,33,1990s,,USA preferred when a North American retail release exists,,,,PENDING_COVER_BINARY_ACQUISITION,True,
190,VG-0191,* Super Punch Out,Super Punch Out,Super Punch Out,SOURCE_LABEL_PENDING_VERIFICATION,Super Nintendo Entertainment System,Super Nintendo Entertainment System,1991.0,34,1990s,,USA preferred when a North American retail release exists,,,,PENDING_COVER_BINARY_ACQUISITION,True,
191,VG-0192,*Super Star Wars,Super Star Wars,Super Star Wars,SOURCE_LABEL_PENDING_VERIFICATION,Super Nintendo Entertainment System,Super Nintendo Entertainment System,1991.0,35,1990s,,USA preferred when a North American retail release exists,,,,PENDING_COVER_BINARY_ACQUISITION,True,
192,VG-0193,*Super Star Wars Emp Strikes Back,Super Star Wars Emp Strikes Back,Super Star Wars: The Empire Strikes Back,CONSERVATIVE_NORMALIZATION,Super Nintendo Entertainment System,Super Nintendo Entertainment System,1991.0,36,1990s,,USA preferred when a North American retail release exists,,,,PENDING_COVER_BINARY_ACQUISITION,True,
193,VG-0194,*Super Star Wars Return of the Jedi,Super Star Wars Return of the Jedi,Super Star Wars: Return of the Jedi,CONSERVATIVE_NORMALIZATION,Super Nintendo Entertainment System,Super Nintendo Entertainment System,1991.0,37,1990s,,USA preferred when a North American retail release exists,,,,PENDING_COVER_BINARY_ACQUISITION,True,
194,VG-0195,*Super Wrestlemania,Super Wrestlemania,Super Wrestlemania,SOURCE_LABEL_PENDING_VERIFICATION,Super Nintendo Entertainment System,Super Nintendo Entertainment System,1991.0,38,1990s,,USA preferred when a North American retail release exists,,,,PENDING_COVER_BINARY_ACQUISITION,True,
195,VG-0196,*Tetris 2,Tetris 2,Tetris 2,SOURCE_LABEL_PENDING_VERIFICATION,Super Nintendo Entertainment System,Super Nintendo Entertainment System,1991.0,39,1990s,,USA preferred when a North American retail release exists,,,,PENDING_COVER_BINARY_ACQUISITION,True,
196,VG-0197,* TMNT: Turtles In Time,TMNT: Turtles In Time,Teenage Mutant Ninja Turtles IV: Turtles in Time,CONSERVATIVE_NORMALIZATION,Super Nintendo Entertainment System,Super Nintendo Entertainment System,1991.0,40,1990s,,USA preferred when a North American retail release exists,,,,PENDING_COVER_BINARY_ACQUISITION,True,
197,VG-0198,*Terminator 2,Terminator 2,Terminator 2,SOURCE_LABEL_PENDING_VERIFICATION,Super Nintendo Entertainment System,Super Nintendo Entertainment System,1991.0,41,1990s,,USA preferred when a North American retail release exists,,,,PENDING_COVER_BINARY_ACQUISITION,True,
198,VG-0199,* Warios Woods,Warios Woods,Warios Woods,SOURCE_LABEL_PENDING_VERIFICATION,Super Nintendo Entertainment System,Super Nintendo Entertainment System,1991.0,42,1990s,,USA preferred when a North American retail release exists,,,,PENDING_COVER_BINARY_ACQUISITION,True,
199,VG-0200,*Wild Guns,Wild Guns,Wild Guns,SOURCE_LABEL_PENDING_VERIFICATION,Super Nintendo Entertainment System,Super Nintendo Entertainment System,1991.0,43,1990s,,USA preferred when a North American retail release exists,,,,PENDING_COVER_BINARY_ACQUISITION,True,
200,VG-0201,*WWF Raw,WWF Raw,WWF Raw,SOURCE_LABEL_PENDING_VERIFICATION,Super Nintendo Entertainment System,Super Nintendo Entertainment System,1991.0,44,1990s,,USA preferred when a North American retail release exists,,,,PENDING_COVER_BINARY_ACQUISITION,True,
201,VG-0202,* Yoshis Island,Yoshis Island,Super Mario World 2: Yoshi's Island,CONSERVATIVE_NORMALIZATION,Super Nintendo Entertainment System,Super Nintendo Entertainment System,1991.0,45,1990s,,USA preferred when a North American retail release exists,,,,PENDING_COVER_BINARY_ACQUISITION,True,
202,VG-0203,Blazing Star,Blazing Star,Blazing Star,SOURCE_LABEL_PENDING_VERIFICATION,Neo Geo (AES/MVS not specified),Neo Geo,1991.0,1,1990s,,USA preferred when a North American retail release exists,,,,PENDING_COVER_BINARY_ACQUISITION,False,Retail-cover format requires AES/MVS version check; do not assume.
203,VG-0204,Fatal Fury,Fatal Fury,Fatal Fury,SOURCE_LABEL_PENDING_VERIFICATION,Neo Geo (AES/MVS not specified),Neo Geo,1991.0,2,1990s,,USA preferred when a North American retail release exists,,,,PENDING_COVER_BINARY_ACQUISITION,False,Retail-cover format requires AES/MVS version check; do not assume.
204,VG-0205,Garou: Mark Of Wolves,Garou: Mark Of Wolves,Garou: Mark of the Wolves,CONSERVATIVE_NORMALIZATION,Neo Geo (AES/MVS not specified),Neo Geo,1991.0,3,1990s,,USA preferred when a North American retail release exists,,,,PENDING_COVER_BINARY_ACQUISITION,False,Retail-cover format requires AES/MVS version check; do not assume.
205,VG-0206,King Of Fighters 98,King Of Fighters 98,The King of Fighters '98,CONSERVATIVE_NORMALIZATION,Neo Geo (AES/MVS not specified),Neo Geo,1991.0,4,1990s,,USA preferred when a North American retail release exists,,,,PENDING_COVER_BINARY_ACQUISITION,False,Retail-cover format requires AES/MVS version check; do not assume.
206,VG-0207,King Of Fighters ‘02,King Of Fighters ‘02,The King of Fighters 2002,CONSERVATIVE_NORMALIZATION,Neo Geo (AES/MVS not specified),Neo Geo,1991.0,5,1990s,,USA preferred when a North American retail release exists,,,,PENDING_COVER_BINARY_ACQUISITION,False,Retail-cover format requires AES/MVS version check; do not assume.
207,VG-0208,King Of The Monsters,King Of The Monsters,King of the Monsters,CONSERVATIVE_NORMALIZATION,Neo Geo (AES/MVS not specified),Neo Geo,1991.0,6,1990s,,USA preferred when a North American retail release exists,,,,PENDING_COVER_BINARY_ACQUISITION,False,Retail-cover format requires AES/MVS version check; do not assume.
208,VG-0209,The Last Blade,The Last Blade,The Last Blade,SOURCE_LABEL_PENDING_VERIFICATION,Neo Geo (AES/MVS not specified),Neo Geo,1991.0,7,1990s,,USA preferred when a North American retail release exists,,,,PENDING_COVER_BINARY_ACQUISITION,False,Retail-cover format requires AES/MVS version check; do not assume.
209,VG-0210,Metal Slug,Metal Slug,Metal Slug,SOURCE_LABEL_PENDING_VERIFICATION,Neo Geo (AES/MVS not specified),Neo Geo,1991.0,8,1990s,,USA preferred when a North American retail release exists,,,,PENDING_COVER_BINARY_ACQUISITION,False,Retail-cover format requires AES/MVS version check; do not assume.
210,VG-0211,Neo Geo Bomberman,Neo Geo Bomberman,Neo Geo Bomberman,SOURCE_LABEL_PENDING_VERIFICATION,Neo Geo (AES/MVS not specified),Neo Geo,1991.0,9,1990s,,USA preferred when a North American retail release exists,,,,PENDING_COVER_BINARY_ACQUISITION,False,Retail-cover format requires AES/MVS version check; do not assume.
211,VG-0212,Neo Geo Turf Masters,Neo Geo Turf Masters,Neo Geo Turf Masters,SOURCE_LABEL_PENDING_VERIFICATION,Neo Geo (AES/MVS not specified),Neo Geo,1991.0,10,1990s,,USA preferred when a North American retail release exists,,,,PENDING_COVER_BINARY_ACQUISITION,False,Retail-cover format requires AES/MVS version check; do not assume.
212,VG-0213,Ninja Commando,Ninja Commando,Ninja Commando,SOURCE_LABEL_PENDING_VERIFICATION,Neo Geo (AES/MVS not specified),Neo Geo,1991.0,11,1990s,,USA preferred when a North American retail release exists,,,,PENDING_COVER_BINARY_ACQUISITION,False,Retail-cover format requires AES/MVS version check; do not assume.
213,VG-0214,Pulstar,Pulstar,Pulstar,SOURCE_LABEL_PENDING_VERIFICATION,Neo Geo (AES/MVS not specified),Neo Geo,1991.0,12,1990s,,USA preferred when a North American retail release exists,,,,PENDING_COVER_BINARY_ACQUISITION,False,Retail-cover format requires AES/MVS version check; do not assume.
214,VG-0215,Real Bout Fatal Fury,Real Bout Fatal Fury,Real Bout Fatal Fury,SOURCE_LABEL_PENDING_VERIFICATION,Neo Geo (AES/MVS not specified),Neo Geo,1991.0,13,1990s,,USA preferred when a North American retail release exists,,,,PENDING_COVER_BINARY_ACQUISITION,False,Retail-cover format requires AES/MVS version check; do not assume.
215,VG-0216,Samurai Showdown II,Samurai Showdown II,Samurai Shodown II,CONSERVATIVE_NORMALIZATION,Neo Geo (AES/MVS not specified),Neo Geo,1991.0,14,1990s,,USA preferred when a North American retail release exists,,,,PENDING_COVER_BINARY_ACQUISITION,False,Retail-cover format requires AES/MVS version check; do not assume.
216,VG-0217,Samurai Showdown V,Samurai Showdown V,Samurai Shodown V,CONSERVATIVE_NORMALIZATION,Neo Geo (AES/MVS not specified),Neo Geo,1991.0,15,1990s,,USA preferred when a North American retail release exists,,,,PENDING_COVER_BINARY_ACQUISITION,False,Retail-cover format requires AES/MVS version check; do not assume.
217,VG-0218,Sengoku,Sengoku,Sengoku,SOURCE_LABEL_PENDING_VERIFICATION,Neo Geo (AES/MVS not specified),Neo Geo,1991.0,16,1990s,,USA preferred when a North American retail release exists,,,,PENDING_COVER_BINARY_ACQUISITION,False,Retail-cover format requires AES/MVS version check; do not assume.
218,VG-0219,Sengoku 3,Sengoku 3,Sengoku 3,SOURCE_LABEL_PENDING_VERIFICATION,Neo Geo (AES/MVS not specified),Neo Geo,1991.0,17,1990s,,USA preferred when a North American retail release exists,,,,PENDING_COVER_BINARY_ACQUISITION,False,Retail-cover format requires AES/MVS version check; do not assume.
219,VG-0220,Shocking Troopers,Shocking Troopers,Shock Troopers,CONSERVATIVE_NORMALIZATION,Neo Geo (AES/MVS not specified),Neo Geo,1991.0,18,1990s,,USA preferred when a North American retail release exists,,,,PENDING_COVER_BINARY_ACQUISITION,False,Retail-cover format requires AES/MVS version check; do not assume.
220,VG-0221,SNK Vs. Capcom,SNK Vs. Capcom,SNK vs. Capcom: SVC Chaos,CONSERVATIVE_NORMALIZATION,Neo Geo (AES/MVS not specified),Neo Geo,1991.0,19,1990s,,USA preferred when a North American retail release exists,,,,PENDING_COVER_BINARY_ACQUISITION,False,Retail-cover format requires AES/MVS version check; do not assume.
221,VG-0222,Brain Dead 13,Brain Dead 13,Brain Dead 13,SOURCE_LABEL_PENDING_VERIFICATION,Panasonic 3DO,Panasonic 3DO,1993.0,1,1990s,,USA preferred when a North American retail release exists,,,,PENDING_COVER_BINARY_ACQUISITION,False,
222,VG-0223,Crash N Burn,Crash N Burn,Crash 'n Burn,CONSERVATIVE_NORMALIZATION,Panasonic 3DO,Panasonic 3DO,1993.0,2,1990s,,USA preferred when a North American retail release exists,,,,PENDING_COVER_BINARY_ACQUISITION,False,
223,VG-0224,Dragons Lair,Dragons Lair,Dragon's Lair,CONSERVATIVE_NORMALIZATION,Panasonic 3DO,Panasonic 3DO,1993.0,3,1990s,,USA preferred when a North American retail release exists,,,,PENDING_COVER_BINARY_ACQUISITION,False,
224,VG-0225,Gex,Gex,Gex,SOURCE_LABEL_PENDING_VERIFICATION,Panasonic 3DO,Panasonic 3DO,1993.0,4,1990s,,USA preferred when a North American retail release exists,,,,PENDING_COVER_BINARY_ACQUISITION,False,
225,VG-0226,Killing Time,Killing Time,Killing Time,SOURCE_LABEL_PENDING_VERIFICATION,Panasonic 3DO,Panasonic 3DO,1993.0,5,1990s,,USA preferred when a North American retail release exists,,,,PENDING_COVER_BINARY_ACQUISITION,False,
226,VG-0227,John Madden Football,John Madden Football,John Madden Football,SOURCE_LABEL_PENDING_VERIFICATION,Panasonic 3DO,Panasonic 3DO,1993.0,6,1990s,,USA preferred when a North American retail release exists,,,,PENDING_COVER_BINARY_ACQUISITION,False,
227,VG-0228,The Need For Speed,The Need For Speed,The Need For Speed,SOURCE_LABEL_PENDING_VERIFICATION,Panasonic 3DO,Panasonic 3DO,1993.0,7,1990s,,USA preferred when a North American retail release exists,,,,PENDING_COVER_BINARY_ACQUISITION,False,
228,VG-0229,Road Rash,Road Rash,Road Rash,SOURCE_LABEL_PENDING_VERIFICATION,Panasonic 3DO,Panasonic 3DO,1993.0,8,1990s,,USA preferred when a North American retail release exists,,,,PENDING_COVER_BINARY_ACQUISITION,False,
229,VG-0230,Samurai Showdown,Samurai Showdown,Samurai Shodown,CONSERVATIVE_NORMALIZATION,Panasonic 3DO,Panasonic 3DO,1993.0,9,1990s,,USA preferred when a North American retail release exists,,,,PENDING_COVER_BINARY_ACQUISITION,False,
230,VG-0231,Super Wing Commander,Super Wing Commander,Super Wing Commander,SOURCE_LABEL_PENDING_VERIFICATION,Panasonic 3DO,Panasonic 3DO,1993.0,10,1990s,,USA preferred when a North American retail release exists,,,,PENDING_COVER_BINARY_ACQUISITION,False,
231,VG-0232,Wing Commander III,Wing Commander III,Wing Commander III,SOURCE_LABEL_PENDING_VERIFICATION,Panasonic 3DO,Panasonic 3DO,1993.0,11,1990s,,USA preferred when a North American retail release exists,,,,PENDING_COVER_BINARY_ACQUISITION,False,
232,VG-0233,Wolfenstein 3D,Wolfenstein 3D,Wolfenstein 3D,SOURCE_LABEL_PENDING_VERIFICATION,Panasonic 3DO,Panasonic 3DO,1993.0,12,1990s,,USA preferred when a North American retail release exists,,,,PENDING_COVER_BINARY_ACQUISITION,False,
233,VG-0234,Burning Rangers,Burning Rangers,Burning Rangers,SOURCE_LABEL_PENDING_VERIFICATION,Sega Saturn,Sega Saturn,1994.0,1,1990s,,USA preferred when a North American retail release exists,,,,PENDING_COVER_BINARY_ACQUISITION,False,
234,VG-0235,Daytona USA,Daytona USA,Daytona USA,SOURCE_LABEL_PENDING_VERIFICATION,Sega Saturn,Sega Saturn,1994.0,2,1990s,,USA preferred when a North American retail release exists,,,,PENDING_COVER_BINARY_ACQUISITION,False,
235,VG-0236,Die Hard Arcade,Die Hard Arcade,Die Hard Arcade,SOURCE_LABEL_PENDING_VERIFICATION,Sega Saturn,Sega Saturn,1994.0,3,1990s,,USA preferred when a North American retail release exists,,,,PENDING_COVER_BINARY_ACQUISITION,False,
236,VG-0237,Enemy Zero,Enemy Zero,Enemy Zero,SOURCE_LABEL_PENDING_VERIFICATION,Sega Saturn,Sega Saturn,1994.0,4,1990s,,USA preferred when a North American retail release exists,,,,PENDING_COVER_BINARY_ACQUISITION,False,
237,VG-0238,Final Fight Revenge,Final Fight Revenge,Final Fight Revenge,SOURCE_LABEL_PENDING_VERIFICATION,Sega Saturn,Sega Saturn,1994.0,5,1990s,,USA preferred when a North American retail release exists,,,,PENDING_COVER_BINARY_ACQUISITION,False,
238,VG-0239,Guardian Heroes,Guardian Heroes,Guardian Heroes,SOURCE_LABEL_PENDING_VERIFICATION,Sega Saturn,Sega Saturn,1994.0,6,1990s,,USA preferred when a North American retail release exists,,,,PENDING_COVER_BINARY_ACQUISITION,False,
239,VG-0240,Last Bronx,Last Bronx,Last Bronx,SOURCE_LABEL_PENDING_VERIFICATION,Sega Saturn,Sega Saturn,1994.0,7,1990s,,USA preferred when a North American retail release exists,,,,PENDING_COVER_BINARY_ACQUISITION,False,
240,VG-0241,Marvel Vs Street Fighter,Marvel Vs Street Fighter,Marvel Super Heroes vs. Street Fighter,CONSERVATIVE_NORMALIZATION,Sega Saturn,Sega Saturn,1994.0,8,1990s,,USA preferred when a North American retail release exists,,,,PENDING_COVER_BINARY_ACQUISITION,False,
241,VG-0242,Nights Into Dreams,Nights Into Dreams,Nights into Dreams...,CONSERVATIVE_NORMALIZATION,Sega Saturn,Sega Saturn,1994.0,9,1990s,,USA preferred when a North American retail release exists,,,,PENDING_COVER_BINARY_ACQUISITION,False,
242,VG-0243,Panzer Dragoon Saga,Panzer Dragoon Saga,Panzer Dragoon Saga,SOURCE_LABEL_PENDING_VERIFICATION,Sega Saturn,Sega Saturn,1994.0,10,1990s,,USA preferred when a North American retail release exists,,,,PENDING_COVER_BINARY_ACQUISITION,False,
243,VG-0244,Panzer Dragoon Zwei,Panzer Dragoon Zwei,Panzer Dragoon Zwei,SOURCE_LABEL_PENDING_VERIFICATION,Sega Saturn,Sega Saturn,1994.0,11,1990s,,USA preferred when a North American retail release exists,,,,PENDING_COVER_BINARY_ACQUISITION,False,
244,VG-0245,Quake,Quake,Quake,SOURCE_LABEL_PENDING_VERIFICATION,Sega Saturn,Sega Saturn,1994.0,12,1990s,,USA preferred when a North American retail release exists,,,,PENDING_COVER_BINARY_ACQUISITION,False,
245,VG-0246,Radiant Silvergun,Radiant Silvergun,Radiant Silvergun,SOURCE_LABEL_PENDING_VERIFICATION,Sega Saturn,Sega Saturn,1994.0,13,1990s,,USA preferred when a North American retail release exists,,,,PENDING_COVER_BINARY_ACQUISITION,False,
246,VG-0247,Sonic Jam,Sonic Jam,Sonic Jam,SOURCE_LABEL_PENDING_VERIFICATION,Sega Saturn,Sega Saturn,1994.0,14,1990s,,USA preferred when a North American retail release exists,,,,PENDING_COVER_BINARY_ACQUISITION,False,
247,VG-0248,Sonic R,Sonic R,Sonic R,SOURCE_LABEL_PENDING_VERIFICATION,Sega Saturn,Sega Saturn,1994.0,15,1990s,,USA preferred when a North American retail release exists,,,,PENDING_COVER_BINARY_ACQUISITION,False,
248,VG-0249,Street Fighter Alpha 2,Street Fighter Alpha 2,Street Fighter Alpha 2,SOURCE_LABEL_PENDING_VERIFICATION,Sega Saturn,Sega Saturn,1994.0,16,1990s,,USA preferred when a North American retail release exists,,,,PENDING_COVER_BINARY_ACQUISITION,False,
249,VG-0250,Virtua Cop,Virtua Cop,Virtua Cop,SOURCE_LABEL_PENDING_VERIFICATION,Sega Saturn,Sega Saturn,1994.0,17,1990s,,USA preferred when a North American retail release exists,,,,PENDING_COVER_BINARY_ACQUISITION,False,
250,VG-0251,Virtua Fighter 2,Virtua Fighter 2,Virtua Fighter 2,SOURCE_LABEL_PENDING_VERIFICATION,Sega Saturn,Sega Saturn,1994.0,18,1990s,,USA preferred when a North American retail release exists,,,,PENDING_COVER_BINARY_ACQUISITION,False,
251,VG-0252,Virtual On: Cyber Troopers,Virtual On: Cyber Troopers,Virtual On: Cyber Troopers,SOURCE_LABEL_PENDING_VERIFICATION,Sega Saturn,Sega Saturn,1994.0,19,1990s,,USA preferred when a North American retail release exists,,,,PENDING_COVER_BINARY_ACQUISITION,False,
252,VG-0253,X-Men Children Of Atom,X-Men Children Of Atom,X-Men: Children of the Atom,CONSERVATIVE_NORMALIZATION,Sega Saturn,Sega Saturn,1994.0,20,1990s,,USA preferred when a North American retail release exists,,,,PENDING_COVER_BINARY_ACQUISITION,False,
253,VG-0254,X-Men Versus Street Fighter,X-Men Versus Street Fighter,X-Men vs. Street Fighter,CONSERVATIVE_NORMALIZATION,Sega Saturn,Sega Saturn,1994.0,21,1990s,,USA preferred when a North American retail release exists,,,,PENDING_COVER_BINARY_ACQUISITION,False,
254,VG-0255,* Ape Escape,Ape Escape,Ape Escape,SOURCE_LABEL_PENDING_VERIFICATION,PlayStation,PlayStation,1995.0,1,1990s,,USA preferred when a North American retail release exists,,,,PENDING_COVER_BINARY_ACQUISITION,True,
255,VG-0256,*Bugs Bunny: Lost In Time,Bugs Bunny: Lost In Time,Bugs Bunny: Lost In Time,SOURCE_LABEL_PENDING_VERIFICATION,PlayStation,PlayStation,1995.0,2,1990s,,USA preferred when a North American retail release exists,,,,PENDING_COVER_BINARY_ACQUISITION,True,
256,VG-0257,Bugs Bunny & Taz: Time Busters,Bugs Bunny & Taz: Time Busters,Bugs Bunny & Taz: Time Busters,SOURCE_LABEL_PENDING_VERIFICATION,PlayStation,PlayStation,1995.0,3,1990s,,USA preferred when a North American retail release exists,,,,PENDING_COVER_BINARY_ACQUISITION,False,
257,VG-0258,* Bugs Life,Bugs Life,A Bug's Life,CONSERVATIVE_NORMALIZATION,PlayStation,PlayStation,1995.0,4,1990s,,USA preferred when a North American retail release exists,,,,PENDING_COVER_BINARY_ACQUISITION,True,
258,VG-0259,* Bushido Blade,Bushido Blade,Bushido Blade,SOURCE_LABEL_PENDING_VERIFICATION,PlayStation,PlayStation,1995.0,5,1990s,,USA preferred when a North American retail release exists,,,,PENDING_COVER_BINARY_ACQUISITION,True,
259,VG-0260,* Castlevania Symphony Of The Night,Castlevania Symphony Of The Night,Castlevania: Symphony of the Night,CONSERVATIVE_NORMALIZATION,PlayStation,PlayStation,1995.0,6,1990s,,USA preferred when a North American retail release exists,,,,PENDING_COVER_BINARY_ACQUISITION,True,
260,VG-0261,* Chrono Cross,Chrono Cross,Chrono Cross,SOURCE_LABEL_PENDING_VERIFICATION,PlayStation,PlayStation,1995.0,7,1990s,,USA preferred when a North American retail release exists,,,,PENDING_COVER_BINARY_ACQUISITION,True,
261,VG-0262,* Crash Bandicoot,Crash Bandicoot,Crash Bandicoot,SOURCE_LABEL_PENDING_VERIFICATION,PlayStation,PlayStation,1995.0,8,1990s,,USA preferred when a North American retail release exists,,,,PENDING_COVER_BINARY_ACQUISITION,True,
262,VG-0263,* Crash Bandicoot 2,Crash Bandicoot 2,Crash Bandicoot 2: Cortex Strikes Back,CONSERVATIVE_NORMALIZATION,PlayStation,PlayStation,1995.0,9,1990s,,USA preferred when a North American retail release exists,,,,PENDING_COVER_BINARY_ACQUISITION,True,
263,VG-0264,* Crash Bandicoot 3,Crash Bandicoot 3,Crash Bandicoot: Warped,CONSERVATIVE_NORMALIZATION,PlayStation,PlayStation,1995.0,10,1990s,,USA preferred when a North American retail release exists,,,,PENDING_COVER_BINARY_ACQUISITION,True,
264,VG-0265,*Dino Crisis,Dino Crisis,Dino Crisis,SOURCE_LABEL_PENDING_VERIFICATION,PlayStation,PlayStation,1995.0,11,1990s,,USA preferred when a North American retail release exists,,,,PENDING_COVER_BINARY_ACQUISITION,True,
265,VG-0266,*Dino Crisis 2,Dino Crisis 2,Dino Crisis 2,SOURCE_LABEL_PENDING_VERIFICATION,PlayStation,PlayStation,1995.0,12,1990s,,USA preferred when a North American retail release exists,,,,PENDING_COVER_BINARY_ACQUISITION,True,
266,VG-0267,*ECW Hardcore Revolution,ECW Hardcore Revolution,ECW Hardcore Revolution,SOURCE_LABEL_PENDING_VERIFICATION,PlayStation,PlayStation,1995.0,13,1990s,,USA preferred when a North American retail release exists,,,,PENDING_COVER_BINARY_ACQUISITION,True,
267,VG-0268,* Final Fantasy 7,Final Fantasy 7,Final Fantasy VII,CONSERVATIVE_NORMALIZATION,PlayStation,PlayStation,1995.0,14,1990s,,USA preferred when a North American retail release exists,,,,PENDING_COVER_BINARY_ACQUISITION,True,
268,VG-0269,*Final Fantasy 8,Final Fantasy 8,Final Fantasy VIII,CONSERVATIVE_NORMALIZATION,PlayStation,PlayStation,1995.0,15,1990s,,USA preferred when a North American retail release exists,,,,PENDING_COVER_BINARY_ACQUISITION,True,
269,VG-0270,*Final Fantasy 9,Final Fantasy 9,Final Fantasy IX,CONSERVATIVE_NORMALIZATION,PlayStation,PlayStation,1995.0,16,1990s,,USA preferred when a North American retail release exists,,,,PENDING_COVER_BINARY_ACQUISITION,True,
270,VG-0271,* Ghost In The Shell,Ghost In The Shell,Ghost In The Shell,SOURCE_LABEL_PENDING_VERIFICATION,PlayStation,PlayStation,1995.0,17,1990s,,USA preferred when a North American retail release exists,,,,PENDING_COVER_BINARY_ACQUISITION,True,
271,VG-0272,* Jackie Chan Stunt Adventure,Jackie Chan Stunt Adventure,Jackie Chan Stuntmaster,CONSERVATIVE_NORMALIZATION,PlayStation,PlayStation,1995.0,18,1990s,,USA preferred when a North American retail release exists,,,,PENDING_COVER_BINARY_ACQUISITION,True,
272,VG-0273,* Jojo Bizarre Adventure,Jojo Bizarre Adventure,JoJo's Bizarre Adventure,CONSERVATIVE_NORMALIZATION,PlayStation,PlayStation,1995.0,19,1990s,,USA preferred when a North American retail release exists,,,,PENDING_COVER_BINARY_ACQUISITION,True,
273,VG-0274,* Land Before Time,Land Before Time,Land Before Time,SOURCE_LABEL_PENDING_VERIFICATION,PlayStation,PlayStation,1995.0,20,1990s,,USA preferred when a North American retail release exists,,,,PENDING_COVER_BINARY_ACQUISITION,True,
274,VG-0275,*Looney Tunes Sheep Raider,Looney Tunes Sheep Raider,Looney Tunes Sheep Raider,SOURCE_LABEL_PENDING_VERIFICATION,PlayStation,PlayStation,1995.0,21,1990s,,USA preferred when a North American retail release exists,,,,PENDING_COVER_BINARY_ACQUISITION,True,
275,VG-0276,*Madden 98,Madden 98,Madden 98,SOURCE_LABEL_PENDING_VERIFICATION,PlayStation,PlayStation,1995.0,22,1990s,,USA preferred when a North American retail release exists,,,,PENDING_COVER_BINARY_ACQUISITION,True,
276,VG-0277,* Marvel Vs Capcom 1,Marvel Vs Capcom 1,Marvel vs. Capcom: Clash of Super Heroes,CONSERVATIVE_NORMALIZATION,PlayStation,PlayStation,1995.0,23,1990s,,USA preferred when a North American retail release exists,,,,PENDING_COVER_BINARY_ACQUISITION,True,
277,VG-0278,* Metal Gear Solid,Metal Gear Solid,Metal Gear Solid,SOURCE_LABEL_PENDING_VERIFICATION,PlayStation,PlayStation,1995.0,24,1990s,,USA preferred when a North American retail release exists,,,,PENDING_COVER_BINARY_ACQUISITION,True,
278,VG-0279,* Monster's Inc,Monster's Inc,Monster's Inc,SOURCE_LABEL_PENDING_VERIFICATION,PlayStation,PlayStation,1995.0,25,1990s,,USA preferred when a North American retail release exists,,,,PENDING_COVER_BINARY_ACQUISITION,True,
279,VG-0280,* Namco Museum Vol 1,Namco Museum Vol 1,Namco Museum Vol 1,SOURCE_LABEL_PENDING_VERIFICATION,PlayStation,PlayStation,1995.0,26,1990s,,USA preferred when a North American retail release exists,,,,PENDING_COVER_BINARY_ACQUISITION,True,
280,VG-0281,* Namco Museum Vol 2,Namco Museum Vol 2,Namco Museum Vol 2,SOURCE_LABEL_PENDING_VERIFICATION,PlayStation,PlayStation,1995.0,27,1990s,,USA preferred when a North American retail release exists,,,,PENDING_COVER_BINARY_ACQUISITION,True,
281,VG-0282,* Namco Museum Vol 3,Namco Museum Vol 3,Namco Museum Vol 3,SOURCE_LABEL_PENDING_VERIFICATION,PlayStation,PlayStation,1995.0,28,1990s,,USA preferred when a North American retail release exists,,,,PENDING_COVER_BINARY_ACQUISITION,True,
282,VG-0283,* NBA Live 98,NBA Live 98,NBA Live 98,SOURCE_LABEL_PENDING_VERIFICATION,PlayStation,PlayStation,1995.0,29,1990s,,USA preferred when a North American retail release exists,,,,PENDING_COVER_BINARY_ACQUISITION,True,
283,VG-0284,NBA Live 99,NBA Live 99,NBA Live 99,SOURCE_LABEL_PENDING_VERIFICATION,PlayStation,PlayStation,1995.0,30,1990s,,USA preferred when a North American retail release exists,,,,PENDING_COVER_BINARY_ACQUISITION,False,
284,VG-0285,NBA Live 2000,NBA Live 2000,NBA Live 2000,SOURCE_LABEL_PENDING_VERIFICATION,PlayStation,PlayStation,1995.0,31,1990s,,USA preferred when a North American retail release exists,,,,PENDING_COVER_BINARY_ACQUISITION,False,
285,VG-0286,NBA Live 2001,NBA Live 2001,NBA Live 2001,SOURCE_LABEL_PENDING_VERIFICATION,PlayStation,PlayStation,1995.0,32,1990s,,USA preferred when a North American retail release exists,,,,PENDING_COVER_BINARY_ACQUISITION,False,
286,VG-0287,NBA Live 2002,NBA Live 2002,NBA Live 2002,SOURCE_LABEL_PENDING_VERIFICATION,PlayStation,PlayStation,1995.0,33,1990s,,USA preferred when a North American retail release exists,,,,PENDING_COVER_BINARY_ACQUISITION,False,
287,VG-0288,NBA Shootout,NBA Shootout,NBA Shootout,SOURCE_LABEL_PENDING_VERIFICATION,PlayStation,PlayStation,1995.0,34,1990s,,USA preferred when a North American retail release exists,,,,PENDING_COVER_BINARY_ACQUISITION,False,
288,VG-0289,NBA Shootout 97,NBA Shootout 97,NBA Shootout 97,SOURCE_LABEL_PENDING_VERIFICATION,PlayStation,PlayStation,1995.0,35,1990s,,USA preferred when a North American retail release exists,,,,PENDING_COVER_BINARY_ACQUISITION,False,
289,VG-0290,NBA Shootout 98,NBA Shootout 98,NBA Shootout 98,SOURCE_LABEL_PENDING_VERIFICATION,PlayStation,PlayStation,1995.0,36,1990s,,USA preferred when a North American retail release exists,,,,PENDING_COVER_BINARY_ACQUISITION,False,
290,VG-0291,NBA Shootout 99,NBA Shootout 99,NBA Shootout 99,SOURCE_LABEL_PENDING_VERIFICATION,PlayStation,PlayStation,1995.0,37,1990s,,USA preferred when a North American retail release exists,,,,PENDING_COVER_BINARY_ACQUISITION,False,
291,VG-0292,NBA Shootout 2000,NBA Shootout 2000,NBA Shootout 2000,SOURCE_LABEL_PENDING_VERIFICATION,PlayStation,PlayStation,1995.0,38,1990s,,USA preferred when a North American retail release exists,,,,PENDING_COVER_BINARY_ACQUISITION,False,
292,VG-0293,*Oddworld,Oddworld,Oddworld,SOURCE_LABEL_PENDING_VERIFICATION,PlayStation,PlayStation,1995.0,39,1990s,,USA preferred when a North American retail release exists,,,,PENDING_COVER_BINARY_ACQUISITION,True,
293,VG-0294,* Panzer Bandit,Panzer Bandit,Panzer Bandit,SOURCE_LABEL_PENDING_VERIFICATION,PlayStation,PlayStation,1995.0,40,1990s,,USA preferred when a North American retail release exists,,,,PENDING_COVER_BINARY_ACQUISITION,True,
294,VG-0295,* PaRappa The Rappa,PaRappa The Rappa,PaRappa the Rapper,CONSERVATIVE_NORMALIZATION,PlayStation,PlayStation,1995.0,41,1990s,,USA preferred when a North American retail release exists,,,,PENDING_COVER_BINARY_ACQUISITION,True,
295,VG-0296,* Parasite Eve,Parasite Eve,Parasite Eve,SOURCE_LABEL_PENDING_VERIFICATION,PlayStation,PlayStation,1995.0,42,1990s,,USA preferred when a North American retail release exists,,,,PENDING_COVER_BINARY_ACQUISITION,True,
296,VG-0297,*Rayman,Rayman,Rayman,SOURCE_LABEL_PENDING_VERIFICATION,PlayStation,PlayStation,1995.0,43,1990s,,USA preferred when a North American retail release exists,,,,PENDING_COVER_BINARY_ACQUISITION,True,
297,VG-0298,*Rayman 2,Rayman 2,Rayman 2,SOURCE_LABEL_PENDING_VERIFICATION,PlayStation,PlayStation,1995.0,44,1990s,,USA preferred when a North American retail release exists,,,,PENDING_COVER_BINARY_ACQUISITION,True,
298,VG-0299,* Resident Evil,Resident Evil,Resident Evil,SOURCE_LABEL_PENDING_VERIFICATION,PlayStation,PlayStation,1995.0,45,1990s,,USA preferred when a North American retail release exists,,,,PENDING_COVER_BINARY_ACQUISITION,True,
299,VG-0300,* Resident Evil 2,Resident Evil 2,Resident Evil 2,SOURCE_LABEL_PENDING_VERIFICATION,PlayStation,PlayStation,1995.0,46,1990s,,USA preferred when a North American retail release exists,,,,PENDING_COVER_BINARY_ACQUISITION,True,
300,VG-0301,*Serial Experiments Lain,Serial Experiments Lain,Serial Experiments Lain,SOURCE_LABEL_PENDING_VERIFICATION,PlayStation,PlayStation,1995.0,47,1990s,Japanese PlayStation release,Japan,,,,PENDING_COVER_BINARY_ACQUISITION,True,Japan-only PlayStation title; use Japanese retail cover.
301,VG-0302,* Silent Hill,Silent Hill,Silent Hill,SOURCE_LABEL_PENDING_VERIFICATION,PlayStation,PlayStation,1995.0,48,1990s,,USA preferred when a North American retail release exists,,,,PENDING_COVER_BINARY_ACQUISITION,True,
302,VG-0303,*Soul Edge,Soul Edge,Soul Edge,SOURCE_LABEL_PENDING_VERIFICATION,PlayStation,PlayStation,1995.0,49,1990s,,USA preferred when a North American retail release exists,,,,PENDING_COVER_BINARY_ACQUISITION,True,
303,VG-0304,* Spider-Man 2000,Spider-Man 2000,Spider-Man,CONSERVATIVE_NORMALIZATION,PlayStation,PlayStation,1995.0,50,1990s,,USA preferred when a North American retail release exists,,,,PENDING_COVER_BINARY_ACQUISITION,True,
304,VG-0305,* Spider-Man Enter: Electro,Spider-Man Enter: Electro,Spider-Man 2: Enter Electro,CONSERVATIVE_NORMALIZATION,PlayStation,PlayStation,1995.0,51,1990s,,USA preferred when a North American retail release exists,,,,PENDING_COVER_BINARY_ACQUISITION,True,
305,VG-0306,* Spyro,Spyro,Spyro the Dragon,CONSERVATIVE_NORMALIZATION,PlayStation,PlayStation,1995.0,52,1990s,,USA preferred when a North American retail release exists,,,,PENDING_COVER_BINARY_ACQUISITION,True,
306,VG-0307,* Spyro 2,Spyro 2,Spyro 2,SOURCE_LABEL_PENDING_VERIFICATION,PlayStation,PlayStation,1995.0,53,1990s,,USA preferred when a North American retail release exists,,,,PENDING_COVER_BINARY_ACQUISITION,True,
307,VG-0308,* Spyro 3,Spyro 3,Spyro 3,SOURCE_LABEL_PENDING_VERIFICATION,PlayStation,PlayStation,1995.0,54,1990s,,USA preferred when a North American retail release exists,,,,PENDING_COVER_BINARY_ACQUISITION,True,
308,VG-0309,* Street Fighter Alpha 3,Street Fighter Alpha 3,Street Fighter Alpha 3,SOURCE_LABEL_PENDING_VERIFICATION,PlayStation,PlayStation,1995.0,55,1990s,,USA preferred when a North American retail release exists,,,,PENDING_COVER_BINARY_ACQUISITION,True,
309,VG-0310,*Tales Of Destiny,Tales Of Destiny,Tales Of Destiny,SOURCE_LABEL_PENDING_VERIFICATION,PlayStation,PlayStation,1995.0,56,1990s,,USA preferred when a North American retail release exists,,,,PENDING_COVER_BINARY_ACQUISITION,True,
310,VG-0311,Tarzan,Tarzan,Tarzan,SOURCE_LABEL_PENDING_VERIFICATION,PlayStation,PlayStation,1995.0,57,1990s,,USA preferred when a North American retail release exists,,,,PENDING_COVER_BINARY_ACQUISITION,False,
311,VG-0312,*Tekken,Tekken,Tekken,SOURCE_LABEL_PENDING_VERIFICATION,PlayStation,PlayStation,1995.0,58,1990s,,USA preferred when a North American retail release exists,,,,PENDING_COVER_BINARY_ACQUISITION,True,
312,VG-0313,*Tekken 2,Tekken 2,Tekken 2,SOURCE_LABEL_PENDING_VERIFICATION,PlayStation,PlayStation,1995.0,59,1990s,,USA preferred when a North American retail release exists,,,,PENDING_COVER_BINARY_ACQUISITION,True,
313,VG-0314,* Tekken 3,Tekken 3,Tekken 3,SOURCE_LABEL_PENDING_VERIFICATION,PlayStation,PlayStation,1995.0,60,1990s,,USA preferred when a North American retail release exists,,,,PENDING_COVER_BINARY_ACQUISITION,True,
314,VG-0315,* Tenchu Stealth Assassins,Tenchu Stealth Assassins,Tenchu Stealth Assassins,SOURCE_LABEL_PENDING_VERIFICATION,PlayStation,PlayStation,1995.0,61,1990s,,USA preferred when a North American retail release exists,,,,PENDING_COVER_BINARY_ACQUISITION,True,
315,VG-0316,* Tomb Raider,Tomb Raider,Tomb Raider,SOURCE_LABEL_PENDING_VERIFICATION,PlayStation,PlayStation,1995.0,62,1990s,,USA preferred when a North American retail release exists,,,,PENDING_COVER_BINARY_ACQUISITION,True,
316,VG-0317,* Tomb Raider 2,Tomb Raider 2,Tomb Raider II,CONSERVATIVE_NORMALIZATION,PlayStation,PlayStation,1995.0,63,1990s,,USA preferred when a North American retail release exists,,,,PENDING_COVER_BINARY_ACQUISITION,True,
317,VG-0318,* Tomb Raider 3,Tomb Raider 3,Tomb Raider III,CONSERVATIVE_NORMALIZATION,PlayStation,PlayStation,1995.0,64,1990s,,USA preferred when a North American retail release exists,,,,PENDING_COVER_BINARY_ACQUISITION,True,
318,VG-0319,*Tony Hawk Pro Skater,Tony Hawk Pro Skater,Tony Hawk's Pro Skater,CONSERVATIVE_NORMALIZATION,PlayStation,PlayStation,1995.0,65,1990s,,USA preferred when a North American retail release exists,,,,PENDING_COVER_BINARY_ACQUISITION,True,
319,VG-0320,* Tony Hawk Pro Skater 2,Tony Hawk Pro Skater 2,Tony Hawk's Pro Skater 2,CONSERVATIVE_NORMALIZATION,PlayStation,PlayStation,1995.0,66,1990s,,USA preferred when a North American retail release exists,,,,PENDING_COVER_BINARY_ACQUISITION,True,
320,VG-0321,*Twisted Metal,Twisted Metal,Twisted Metal,SOURCE_LABEL_PENDING_VERIFICATION,PlayStation,PlayStation,1995.0,67,1990s,,USA preferred when a North American retail release exists,,,,PENDING_COVER_BINARY_ACQUISITION,True,
321,VG-0322,*Twisted Metal 2,Twisted Metal 2,Twisted Metal 2,SOURCE_LABEL_PENDING_VERIFICATION,PlayStation,PlayStation,1995.0,68,1990s,,USA preferred when a North American retail release exists,,,,PENDING_COVER_BINARY_ACQUISITION,True,
322,VG-0323,*Wu Tang Taste The Pain,Wu Tang Taste The Pain,Wu Tang Taste The Pain,SOURCE_LABEL_PENDING_VERIFICATION,PlayStation,PlayStation,1995.0,69,1990s,,USA preferred when a North American retail release exists,,,,PENDING_COVER_BINARY_ACQUISITION,True,
323,VG-0324,*WWF Smackdown,WWF Smackdown,WWF Smackdown,SOURCE_LABEL_PENDING_VERIFICATION,PlayStation,PlayStation,1995.0,70,1990s,,USA preferred when a North American retail release exists,,,,PENDING_COVER_BINARY_ACQUISITION,True,
324,VG-0325,* WWF Smackdown 2,WWF Smackdown 2,WWF Smackdown 2,SOURCE_LABEL_PENDING_VERIFICATION,PlayStation,PlayStation,1995.0,71,1990s,,USA preferred when a North American retail release exists,,,,PENDING_COVER_BINARY_ACQUISITION,True,
325,VG-0326,*WWF Wrestlemania (1995),WWF Wrestlemania (1995),WWF WrestleMania: The Arcade Game,CONSERVATIVE_NORMALIZATION,PlayStation,PlayStation,1995.0,72,1990s,,USA preferred when a North American retail release exists,,,,PENDING_COVER_BINARY_ACQUISITION,True,Source note: 1995
326,VG-0327,*X-Men Mutant Academy,X-Men Mutant Academy,X-Men Mutant Academy,SOURCE_LABEL_PENDING_VERIFICATION,PlayStation,PlayStation,1995.0,73,1990s,,USA preferred when a North American retail release exists,,,,PENDING_COVER_BINARY_ACQUISITION,True,
327,VG-0328,X-Men Mutant Academy 2,X-Men Mutant Academy 2,X-Men Mutant Academy 2,SOURCE_LABEL_PENDING_VERIFICATION,PlayStation,PlayStation,1995.0,74,1990s,,USA preferred when a North American retail release exists,,,,PENDING_COVER_BINARY_ACQUISITION,False,
328,VG-0329,* Army Men,Army Men,Army Men,SOURCE_LABEL_PENDING_VERIFICATION,Nintendo 64,Nintendo 64,1996.0,1,1990s,,USA preferred when a North American retail release exists,,,,PENDING_COVER_BINARY_ACQUISITION,True,
329,VG-0330,* Banjo Kazooie,Banjo Kazooie,Banjo-Kazooie,CONSERVATIVE_NORMALIZATION,Nintendo 64,Nintendo 64,1996.0,2,1990s,,USA preferred when a North American retail release exists,,,,PENDING_COVER_BINARY_ACQUISITION,True,
330,VG-0331,* Banjo Tooie,Banjo Tooie,Banjo-Tooie,CONSERVATIVE_NORMALIZATION,Nintendo 64,Nintendo 64,1996.0,3,1990s,,USA preferred when a North American retail release exists,,,,PENDING_COVER_BINARY_ACQUISITION,True,
331,VG-0332,* Conkers Bad Fur Day,Conkers Bad Fur Day,Conker's Bad Fur Day,CONSERVATIVE_NORMALIZATION,Nintendo 64,Nintendo 64,1996.0,4,1990s,,USA preferred when a North American retail release exists,,,,PENDING_COVER_BINARY_ACQUISITION,True,
332,VG-0333,* Diddy Kong Racing,Diddy Kong Racing,Diddy Kong Racing,SOURCE_LABEL_PENDING_VERIFICATION,Nintendo 64,Nintendo 64,1996.0,5,1990s,,USA preferred when a North American retail release exists,,,,PENDING_COVER_BINARY_ACQUISITION,True,
333,VG-0334,* Dr. Mario 64,Dr. Mario 64,Dr. Mario 64,SOURCE_LABEL_PENDING_VERIFICATION,Nintendo 64,Nintendo 64,1996.0,6,1990s,,USA preferred when a North American retail release exists,,,,PENDING_COVER_BINARY_ACQUISITION,True,
334,VG-0335,* Duck Dodgers,Duck Dodgers,Duck Dodgers Starring Daffy Duck,CONSERVATIVE_NORMALIZATION,Nintendo 64,Nintendo 64,1996.0,7,1990s,,USA preferred when a North American retail release exists,,,,PENDING_COVER_BINARY_ACQUISITION,True,
335,VG-0336,*Duke Nukem 64,Duke Nukem 64,Duke Nukem 64,SOURCE_LABEL_PENDING_VERIFICATION,Nintendo 64,Nintendo 64,1996.0,8,1990s,,USA preferred when a North American retail release exists,,,,PENDING_COVER_BINARY_ACQUISITION,True,
336,VG-0337,* F-Zero X,F-Zero X,F-Zero X,SOURCE_LABEL_PENDING_VERIFICATION,Nintendo 64,Nintendo 64,1996.0,9,1990s,,USA preferred when a North American retail release exists,,,,PENDING_COVER_BINARY_ACQUISITION,True,
337,VG-0338,*Kirby 64,Kirby 64,Kirby 64: The Crystal Shards,CONSERVATIVE_NORMALIZATION,Nintendo 64,Nintendo 64,1996.0,10,1990s,,USA preferred when a North American retail release exists,,,,PENDING_COVER_BINARY_ACQUISITION,True,
338,VG-0339,* Majora's Mask,Majora's Mask,The Legend of Zelda: Majora's Mask,CONSERVATIVE_NORMALIZATION,Nintendo 64,Nintendo 64,1996.0,11,1990s,,USA preferred when a North American retail release exists,,,,PENDING_COVER_BINARY_ACQUISITION,True,
339,VG-0340,* Mario 64,Mario 64,Super Mario 64,CONSERVATIVE_NORMALIZATION,Nintendo 64,Nintendo 64,1996.0,12,1990s,,USA preferred when a North American retail release exists,,,,PENDING_COVER_BINARY_ACQUISITION,True,
340,VG-0341,* Mario Kart 64,Mario Kart 64,Mario Kart 64,SOURCE_LABEL_PENDING_VERIFICATION,Nintendo 64,Nintendo 64,1996.0,13,1990s,,USA preferred when a North American retail release exists,,,,PENDING_COVER_BINARY_ACQUISITION,True,
341,VG-0342,*Mario Party,Mario Party,Mario Party,SOURCE_LABEL_PENDING_VERIFICATION,Nintendo 64,Nintendo 64,1996.0,14,1990s,,USA preferred when a North American retail release exists,,,,PENDING_COVER_BINARY_ACQUISITION,True,
342,VG-0343,* Ocarina Of Time,Ocarina Of Time,The Legend of Zelda: Ocarina of Time,CONSERVATIVE_NORMALIZATION,Nintendo 64,Nintendo 64,1996.0,15,1990s,,USA preferred when a North American retail release exists,,,,PENDING_COVER_BINARY_ACQUISITION,True,
343,VG-0344,* Paper Mario,Paper Mario,Paper Mario,SOURCE_LABEL_PENDING_VERIFICATION,Nintendo 64,Nintendo 64,1996.0,16,1990s,,USA preferred when a North American retail release exists,,,,PENDING_COVER_BINARY_ACQUISITION,True,
344,VG-0345,*Sin & Punishment,Sin & Punishment,Sin & Punishment,SOURCE_LABEL_PENDING_VERIFICATION,Nintendo 64,Nintendo 64,1996.0,17,1990s,,USA preferred when a North American retail release exists,,,,PENDING_COVER_BINARY_ACQUISITION,True,
345,VG-0346,* Smash Bros,Smash Bros,Super Smash Bros.,CONSERVATIVE_NORMALIZATION,Nintendo 64,Nintendo 64,1996.0,18,1990s,,USA preferred when a North American retail release exists,,,,PENDING_COVER_BINARY_ACQUISITION,True,
346,VG-0347,* Star Fox 64,Star Fox 64,Star Fox 64,SOURCE_LABEL_PENDING_VERIFICATION,Nintendo 64,Nintendo 64,1996.0,19,1990s,,USA preferred when a North American retail release exists,,,,PENDING_COVER_BINARY_ACQUISITION,True,
347,VG-0348,* Star Wars Battle For Naboo,Star Wars Battle For Naboo,Star Wars Battle For Naboo,SOURCE_LABEL_PENDING_VERIFICATION,Nintendo 64,Nintendo 64,1996.0,20,1990s,,USA preferred when a North American retail release exists,,,,PENDING_COVER_BINARY_ACQUISITION,True,
348,VG-0349,* Star Wars Rogue Squadron,Star Wars Rogue Squadron,Star Wars Rogue Squadron,SOURCE_LABEL_PENDING_VERIFICATION,Nintendo 64,Nintendo 64,1996.0,21,1990s,,USA preferred when a North American retail release exists,,,,PENDING_COVER_BINARY_ACQUISITION,True,
349,VG-0350,*Tetrisphere,Tetrisphere,Tetrisphere,SOURCE_LABEL_PENDING_VERIFICATION,Nintendo 64,Nintendo 64,1996.0,22,1990s,,USA preferred when a North American retail release exists,,,,PENDING_COVER_BINARY_ACQUISITION,True,
350,VG-0351,*Turok,Turok,Turok: Dinosaur Hunter,CONSERVATIVE_NORMALIZATION,Nintendo 64,Nintendo 64,1996.0,23,1990s,,USA preferred when a North American retail release exists,,,,PENDING_COVER_BINARY_ACQUISITION,True,
351,VG-0352,*Turok 2,Turok 2,Turok 2: Seeds of Evil,CONSERVATIVE_NORMALIZATION,Nintendo 64,Nintendo 64,1996.0,24,1990s,,USA preferred when a North American retail release exists,,,,PENDING_COVER_BINARY_ACQUISITION,True,
352,VG-0353,*WCW/NWO Revenge,WCW/NWO Revenge,WCW/NWO Revenge,SOURCE_LABEL_PENDING_VERIFICATION,Nintendo 64,Nintendo 64,1996.0,25,1990s,,USA preferred when a North American retail release exists,,,,PENDING_COVER_BINARY_ACQUISITION,True,
353,VG-0354,* WWF No Mercy,WWF No Mercy,WWF No Mercy,SOURCE_LABEL_PENDING_VERIFICATION,Nintendo 64,Nintendo 64,1996.0,26,1990s,,USA preferred when a North American retail release exists,,,,PENDING_COVER_BINARY_ACQUISITION,True,
354,VG-0355,*WWF Wrestlemania 2000,WWF Wrestlemania 2000,WWF Wrestlemania 2000,SOURCE_LABEL_PENDING_VERIFICATION,Nintendo 64,Nintendo 64,1996.0,27,1990s,,USA preferred when a North American retail release exists,,,,PENDING_COVER_BINARY_ACQUISITION,True,
355,VG-0356,* Yoshi's Story,Yoshi's Story,Yoshi's Story,SOURCE_LABEL_PENDING_VERIFICATION,Nintendo 64,Nintendo 64,1996.0,28,1990s,,USA preferred when a North American retail release exists,,,,PENDING_COVER_BINARY_ACQUISITION,True,
356,VG-0357,* Berserk,Berserk,Sword of the Berserk: Guts' Rage,CONSERVATIVE_NORMALIZATION,Sega Dreamcast,Sega Dreamcast,1999.0,1,1990s,,USA preferred when a North American retail release exists,,,,PENDING_COVER_BINARY_ACQUISITION,True,
357,VG-0358,*Capcom vs SNK,Capcom vs SNK,Capcom vs. SNK: Millennium Fight 2000,CONSERVATIVE_NORMALIZATION,Sega Dreamcast,Sega Dreamcast,1999.0,2,1990s,,USA preferred when a North American retail release exists,,,,PENDING_COVER_BINARY_ACQUISITION,True,
358,VG-0359,*Canon Spike,Canon Spike,Cannon Spike,CONSERVATIVE_NORMALIZATION,Sega Dreamcast,Sega Dreamcast,1999.0,3,1990s,,USA preferred when a North American retail release exists,,,,PENDING_COVER_BINARY_ACQUISITION,True,
359,VG-0360,* Crazy Taxi,Crazy Taxi,Crazy Taxi,SOURCE_LABEL_PENDING_VERIFICATION,Sega Dreamcast,Sega Dreamcast,1999.0,4,1990s,,USA preferred when a North American retail release exists,,,,PENDING_COVER_BINARY_ACQUISITION,True,
360,VG-0361,* Crazy Taxi 2,Crazy Taxi 2,Crazy Taxi 2,SOURCE_LABEL_PENDING_VERIFICATION,Sega Dreamcast,Sega Dreamcast,1999.0,5,1990s,,USA preferred when a North American retail release exists,,,,PENDING_COVER_BINARY_ACQUISITION,True,
361,VG-0362,Cyber Troopers,Cyber Troopers,Cyber Troopers Virtual-On: Oratorio Tangram,CONSERVATIVE_NORMALIZATION,Sega Dreamcast,Sega Dreamcast,1999.0,6,1990s,,USA preferred when a North American retail release exists,,,,PENDING_COVER_BINARY_ACQUISITION,False,
362,VG-0363,* Dead Or Alive 2,Dead Or Alive 2,Dead Or Alive 2,SOURCE_LABEL_PENDING_VERIFICATION,Sega Dreamcast,Sega Dreamcast,1999.0,7,1990s,,USA preferred when a North American retail release exists,,,,PENDING_COVER_BINARY_ACQUISITION,True,
363,VG-0364,* Grandia 2,Grandia 2,Grandia II,CONSERVATIVE_NORMALIZATION,Sega Dreamcast,Sega Dreamcast,1999.0,8,1990s,,USA preferred when a North American retail release exists,,,,PENDING_COVER_BINARY_ACQUISITION,True,
364,VG-0365,*House Of The Dead 2,House Of The Dead 2,House Of The Dead 2,SOURCE_LABEL_PENDING_VERIFICATION,Sega Dreamcast,Sega Dreamcast,1999.0,9,1990s,,USA preferred when a North American retail release exists,,,,PENDING_COVER_BINARY_ACQUISITION,True,
365,VG-0366,*Hyper Solar,Hyper Solar,Hyper Solar,SOURCE_LABEL_PENDING_VERIFICATION,Sega Dreamcast,Sega Dreamcast,1999.0,10,1990s,,USA preferred when a North American retail release exists,,,,PENDING_COVER_BINARY_ACQUISITION,True,
366,VG-0367,* Jet Set Radio,Jet Set Radio,Jet Set Radio,SOURCE_LABEL_PENDING_VERIFICATION,Sega Dreamcast,Sega Dreamcast,1999.0,11,1990s,,USA preferred when a North American retail release exists,,,,PENDING_COVER_BINARY_ACQUISITION,True,
367,VG-0368,*Looney Tunes Space Race,Looney Tunes Space Race,Looney Tunes Space Race,SOURCE_LABEL_PENDING_VERIFICATION,Sega Dreamcast,Sega Dreamcast,1999.0,12,1990s,,USA preferred when a North American retail release exists,,,,PENDING_COVER_BINARY_ACQUISITION,True,
368,VG-0369,Marvel vs capcom 2,Marvel vs capcom 2,Marvel vs capcom 2,SOURCE_LABEL_PENDING_VERIFICATION,Sega Dreamcast,Sega Dreamcast,1999.0,13,1990s,,USA preferred when a North American retail release exists,,,,PENDING_COVER_BINARY_ACQUISITION,False,
369,VG-0370,* NBA 2K1,NBA 2K1,NBA 2K1,SOURCE_LABEL_PENDING_VERIFICATION,Sega Dreamcast,Sega Dreamcast,1999.0,14,1990s,,USA preferred when a North American retail release exists,,,,PENDING_COVER_BINARY_ACQUISITION,True,
370,VG-0371,* NBA 2K2,NBA 2K2,NBA 2K2,SOURCE_LABEL_PENDING_VERIFICATION,Sega Dreamcast,Sega Dreamcast,1999.0,15,1990s,,USA preferred when a North American retail release exists,,,,PENDING_COVER_BINARY_ACQUISITION,True,
371,VG-0372,*NFL 2K1,NFL 2K1,NFL 2K1,SOURCE_LABEL_PENDING_VERIFICATION,Sega Dreamcast,Sega Dreamcast,1999.0,16,1990s,,USA preferred when a North American retail release exists,,,,PENDING_COVER_BINARY_ACQUISITION,True,
372,VG-0373,* NFL 2K2,NFL 2K2,NFL 2K2,SOURCE_LABEL_PENDING_VERIFICATION,Sega Dreamcast,Sega Dreamcast,1999.0,17,1990s,,USA preferred when a North American retail release exists,,,,PENDING_COVER_BINARY_ACQUISITION,True,
373,VG-0374,*Powerstone,Powerstone,Power Stone,CONSERVATIVE_NORMALIZATION,Sega Dreamcast,Sega Dreamcast,1999.0,18,1990s,,USA preferred when a North American retail release exists,,,,PENDING_COVER_BINARY_ACQUISITION,True,
374,VG-0375,*Powerstone 2,Powerstone 2,Power Stone 2,CONSERVATIVE_NORMALIZATION,Sega Dreamcast,Sega Dreamcast,1999.0,19,1990s,,USA preferred when a North American retail release exists,,,,PENDING_COVER_BINARY_ACQUISITION,True,
375,VG-0376,*Project Justice,Project Justice,Project Justice,SOURCE_LABEL_PENDING_VERIFICATION,Sega Dreamcast,Sega Dreamcast,1999.0,20,1990s,,USA preferred when a North American retail release exists,,,,PENDING_COVER_BINARY_ACQUISITION,True,
376,VG-0377,* Rayman 2,Rayman 2,Rayman 2,SOURCE_LABEL_PENDING_VERIFICATION,Sega Dreamcast,Sega Dreamcast,1999.0,21,1990s,,USA preferred when a North American retail release exists,,,,PENDING_COVER_BINARY_ACQUISITION,True,
377,VG-0378,* Ready 2 Rumble,Ready 2 Rumble,Ready 2 Rumble Boxing,CONSERVATIVE_NORMALIZATION,Sega Dreamcast,Sega Dreamcast,1999.0,22,1990s,,USA preferred when a North American retail release exists,,,,PENDING_COVER_BINARY_ACQUISITION,True,
378,VG-0379,*Ready 2 Rumble Round 2,Ready 2 Rumble Round 2,Ready 2 Rumble Round 2,SOURCE_LABEL_PENDING_VERIFICATION,Sega Dreamcast,Sega Dreamcast,1999.0,23,1990s,,USA preferred when a North American retail release exists,,,,PENDING_COVER_BINARY_ACQUISITION,True,
379,VG-0380,*Samba De Amigo,Samba De Amigo,Samba De Amigo,SOURCE_LABEL_PENDING_VERIFICATION,Sega Dreamcast,Sega Dreamcast,1999.0,24,1990s,,USA preferred when a North American retail release exists,,,,PENDING_COVER_BINARY_ACQUISITION,True,
380,VG-0381,* Shenmue 1,Shenmue 1,Shenmue,CONSERVATIVE_NORMALIZATION,Sega Dreamcast,Sega Dreamcast,1999.0,25,1990s,,USA preferred when a North American retail release exists,,,,PENDING_COVER_BINARY_ACQUISITION,True,
381,VG-0382,* Shenmue 2,Shenmue 2,Shenmue II,CONSERVATIVE_NORMALIZATION,Sega Dreamcast,Sega Dreamcast,1999.0,26,1990s,Dreamcast release (no North American Dreamcast retail release),Europe/Japan,,,,PENDING_COVER_BINARY_ACQUISITION,True,Do not substitute Xbox cover.
382,VG-0383,* Skies Of Arcadia,Skies Of Arcadia,Skies Of Arcadia,SOURCE_LABEL_PENDING_VERIFICATION,Sega Dreamcast,Sega Dreamcast,1999.0,27,1990s,,USA preferred when a North American retail release exists,,,,PENDING_COVER_BINARY_ACQUISITION,True,
383,VG-0384,* Sonic Adventure,Sonic Adventure,Sonic Adventure,SOURCE_LABEL_PENDING_VERIFICATION,Sega Dreamcast,Sega Dreamcast,1999.0,28,1990s,,USA preferred when a North American retail release exists,,,,PENDING_COVER_BINARY_ACQUISITION,True,
384,VG-0385,* Sonic Adventure II,Sonic Adventure II,Sonic Adventure 2,CONSERVATIVE_NORMALIZATION,Sega Dreamcast,Sega Dreamcast,1999.0,29,1990s,,USA preferred when a North American retail release exists,,,,PENDING_COVER_BINARY_ACQUISITION,True,
385,VG-0386,* Soul Calibur,Soul Calibur,Soul Calibur,SOURCE_LABEL_PENDING_VERIFICATION,Sega Dreamcast,Sega Dreamcast,1999.0,30,1990s,,USA preferred when a North American retail release exists,,,,PENDING_COVER_BINARY_ACQUISITION,True,
386,VG-0387,*Space Channel 5,Space Channel 5,Space Channel 5,SOURCE_LABEL_PENDING_VERIFICATION,Sega Dreamcast,Sega Dreamcast,1999.0,31,1990s,,USA preferred when a North American retail release exists,,,,PENDING_COVER_BINARY_ACQUISITION,True,
387,VG-0388,* Spawn,Spawn,Spawn,SOURCE_LABEL_PENDING_VERIFICATION,Sega Dreamcast,Sega Dreamcast,1999.0,32,1990s,,USA preferred when a North American retail release exists,,,,PENDING_COVER_BINARY_ACQUISITION,True,
388,VG-0389,Star Wars Jedi Power Battles,Star Wars Jedi Power Battles,Star Wars Jedi Power Battles,SOURCE_LABEL_PENDING_VERIFICATION,Sega Dreamcast,Sega Dreamcast,1999.0,33,1990s,,USA preferred when a North American retail release exists,,,,PENDING_COVER_BINARY_ACQUISITION,False,
389,VG-0390,* Street Fighter 3,Street Fighter 3,Street Fighter 3,SOURCE_LABEL_PENDING_VERIFICATION,Sega Dreamcast,Sega Dreamcast,1999.0,34,1990s,,USA preferred when a North American retail release exists,,,,PENDING_COVER_BINARY_ACQUISITION,True,
390,VG-0391,* Toy Commander,Toy Commander,Toy Commander,SOURCE_LABEL_PENDING_VERIFICATION,Sega Dreamcast,Sega Dreamcast,1999.0,35,1990s,,USA preferred when a North American retail release exists,,,,PENDING_COVER_BINARY_ACQUISITION,True,
391,VG-0392,* Virtua Tennis,Virtua Tennis,Virtua Tennis,SOURCE_LABEL_PENDING_VERIFICATION,Sega Dreamcast,Sega Dreamcast,1999.0,36,1990s,,USA preferred when a North American retail release exists,,,,PENDING_COVER_BINARY_ACQUISITION,True,
392,VG-0393,*Aggressive Inline,Aggressive Inline,Aggressive Inline,SOURCE_LABEL_PENDING_VERIFICATION,PlayStation 2,PlayStation 2,2000.0,1,2000s,,USA preferred when a North American retail release exists,,,,PENDING_COVER_BINARY_ACQUISITION,True,
393,VG-0394,*Ape Escape 2,Ape Escape 2,Ape Escape 2,SOURCE_LABEL_PENDING_VERIFICATION,PlayStation 2,PlayStation 2,2000.0,2,2000s,,USA preferred when a North American retail release exists,,,,PENDING_COVER_BINARY_ACQUISITION,True,
394,VG-0395,*Area 51,Area 51,Area 51,SOURCE_LABEL_PENDING_VERIFICATION,PlayStation 2,PlayStation 2,2000.0,3,2000s,,USA preferred when a North American retail release exists,,,,PENDING_COVER_BINARY_ACQUISITION,True,
395,VG-0396,*B-Boy,B-Boy,B-Boy,SOURCE_LABEL_PENDING_VERIFICATION,PlayStation 2,PlayStation 2,2000.0,4,2000s,,USA preferred when a North American retail release exists,,,,PENDING_COVER_BINARY_ACQUISITION,True,
396,VG-0397,Brave Search For The Spirit,Brave Search For The Spirit,Brave Search For The Spirit,SOURCE_LABEL_PENDING_VERIFICATION,PlayStation 2,PlayStation 2,2000.0,5,2000s,,USA preferred when a North American retail release exists,,,,PENDING_COVER_BINARY_ACQUISITION,False,
397,VG-0398,*Burnout,Burnout,Burnout,SOURCE_LABEL_PENDING_VERIFICATION,PlayStation 2,PlayStation 2,2000.0,6,2000s,,USA preferred when a North American retail release exists,,,,PENDING_COVER_BINARY_ACQUISITION,True,
398,VG-0399,*Burnout 2,Burnout 2,Burnout 2,SOURCE_LABEL_PENDING_VERIFICATION,PlayStation 2,PlayStation 2,2000.0,7,2000s,,USA preferred when a North American retail release exists,,,,PENDING_COVER_BINARY_ACQUISITION,True,
399,VG-0400,*Burnout 3,Burnout 3,Burnout 3,SOURCE_LABEL_PENDING_VERIFICATION,PlayStation 2,PlayStation 2,2000.0,8,2000s,,USA preferred when a North American retail release exists,,,,PENDING_COVER_BINARY_ACQUISITION,True,
400,VG-0401,Chaos Legion,Chaos Legion,Chaos Legion,SOURCE_LABEL_PENDING_VERIFICATION,PlayStation 2,PlayStation 2,2000.0,9,2000s,,USA preferred when a North American retail release exists,,,,PENDING_COVER_BINARY_ACQUISITION,False,
401,VG-0402,Crimson Sea 2,Crimson Sea 2,Crimson Sea 2,SOURCE_LABEL_PENDING_VERIFICATION,PlayStation 2,PlayStation 2,2000.0,10,2000s,,USA preferred when a North American retail release exists,,,,PENDING_COVER_BINARY_ACQUISITION,False,
402,VG-0403,Cy Girls,Cy Girls,Cy Girls,SOURCE_LABEL_PENDING_VERIFICATION,PlayStation 2,PlayStation 2,2000.0,11,2000s,,USA preferred when a North American retail release exists,,,,PENDING_COVER_BINARY_ACQUISITION,False,
403,VG-0404,*Edd Edd N Eddy,Edd Edd N Eddy,Edd Edd N Eddy,SOURCE_LABEL_PENDING_VERIFICATION,PlayStation 2,PlayStation 2,2000.0,12,2000s,,USA preferred when a North American retail release exists,,,,PENDING_COVER_BINARY_ACQUISITION,True,
404,VG-0405,*Dark Cloud,Dark Cloud,Dark Cloud,SOURCE_LABEL_PENDING_VERIFICATION,PlayStation 2,PlayStation 2,2000.0,13,2000s,,USA preferred when a North American retail release exists,,,,PENDING_COVER_BINARY_ACQUISITION,True,
405,VG-0406,*Dark Cloud 2,Dark Cloud 2,Dark Cloud 2,SOURCE_LABEL_PENDING_VERIFICATION,PlayStation 2,PlayStation 2,2000.0,14,2000s,,USA preferred when a North American retail release exists,,,,PENDING_COVER_BINARY_ACQUISITION,True,
406,VG-0407,*Dragon Ball Budokai,Dragon Ball Budokai,Dragon Ball Budokai,SOURCE_LABEL_PENDING_VERIFICATION,PlayStation 2,PlayStation 2,2000.0,15,2000s,,USA preferred when a North American retail release exists,,,,PENDING_COVER_BINARY_ACQUISITION,True,
407,VG-0408,*Dragon Ball Budokai 2,Dragon Ball Budokai 2,Dragon Ball Budokai 2,SOURCE_LABEL_PENDING_VERIFICATION,PlayStation 2,PlayStation 2,2000.0,16,2000s,,USA preferred when a North American retail release exists,,,,PENDING_COVER_BINARY_ACQUISITION,True,
408,VG-0409,*Dragon Ball Budokai Tenkaichi 2,Dragon Ball Budokai Tenkaichi 2,Dragon Ball Budokai Tenkaichi 2,SOURCE_LABEL_PENDING_VERIFICATION,PlayStation 2,PlayStation 2,2000.0,17,2000s,,USA preferred when a North American retail release exists,,,,PENDING_COVER_BINARY_ACQUISITION,True,
409,VG-0410,*Def Jam Fight For NY,Def Jam Fight For NY,Def Jam Fight For NY,SOURCE_LABEL_PENDING_VERIFICATION,PlayStation 2,PlayStation 2,2000.0,18,2000s,,USA preferred when a North American retail release exists,,,,PENDING_COVER_BINARY_ACQUISITION,True,
410,VG-0411,*DMC 1,DMC 1,Devil May Cry,CONSERVATIVE_NORMALIZATION,PlayStation 2,PlayStation 2,2000.0,19,2000s,,USA preferred when a North American retail release exists,,,,PENDING_COVER_BINARY_ACQUISITION,True,
411,VG-0412,*DMC 2,DMC 2,Devil May Cry 2,CONSERVATIVE_NORMALIZATION,PlayStation 2,PlayStation 2,2000.0,20,2000s,,USA preferred when a North American retail release exists,,,,PENDING_COVER_BINARY_ACQUISITION,True,
412,VG-0413,* DMC 3,DMC 3,Devil May Cry 3: Dante's Awakening,CONSERVATIVE_NORMALIZATION,PlayStation 2,PlayStation 2,2000.0,21,2000s,,USA preferred when a North American retail release exists,,,,PENDING_COVER_BINARY_ACQUISITION,True,
413,VG-0414,*Family Guy Video Game,Family Guy Video Game,Family Guy Video Game,SOURCE_LABEL_PENDING_VERIFICATION,PlayStation 2,PlayStation 2,2000.0,22,2000s,,USA preferred when a North American retail release exists,,,,PENDING_COVER_BINARY_ACQUISITION,True,
414,VG-0415,*Fatal Frame III,Fatal Frame III,Fatal Frame III,SOURCE_LABEL_PENDING_VERIFICATION,PlayStation 2,PlayStation 2,2000.0,23,2000s,,USA preferred when a North American retail release exists,,,,PENDING_COVER_BINARY_ACQUISITION,True,
415,VG-0416,Fifa Street,Fifa Street,Fifa Street,SOURCE_LABEL_PENDING_VERIFICATION,PlayStation 2,PlayStation 2,2000.0,24,2000s,,USA preferred when a North American retail release exists,,,,PENDING_COVER_BINARY_ACQUISITION,False,
416,VG-0417,* Fight Night 2004,Fight Night 2004,Fight Night 2004,SOURCE_LABEL_PENDING_VERIFICATION,PlayStation 2,PlayStation 2,2000.0,25,2000s,,USA preferred when a North American retail release exists,,,,PENDING_COVER_BINARY_ACQUISITION,True,
417,VG-0418,* Final Fantasy X,Final Fantasy X,Final Fantasy X,SOURCE_LABEL_PENDING_VERIFICATION,PlayStation 2,PlayStation 2,2000.0,26,2000s,,USA preferred when a North American retail release exists,,,,PENDING_COVER_BINARY_ACQUISITION,True,
418,VG-0419,*Futurama,Futurama,Futurama,SOURCE_LABEL_PENDING_VERIFICATION,PlayStation 2,PlayStation 2,2000.0,27,2000s,,USA preferred when a North American retail release exists,,,,PENDING_COVER_BINARY_ACQUISITION,True,
419,VG-0420,*Gauntlet,Gauntlet,Gauntlet,SOURCE_LABEL_PENDING_VERIFICATION,PlayStation 2,PlayStation 2,2000.0,28,2000s,,USA preferred when a North American retail release exists,,,,PENDING_COVER_BINARY_ACQUISITION,True,
420,VG-0421,*God Hand,God Hand,God Hand,SOURCE_LABEL_PENDING_VERIFICATION,PlayStation 2,PlayStation 2,2000.0,29,2000s,,USA preferred when a North American retail release exists,,,,PENDING_COVER_BINARY_ACQUISITION,True,
421,VG-0422,* God Of War,God Of War,God Of War,SOURCE_LABEL_PENDING_VERIFICATION,PlayStation 2,PlayStation 2,2000.0,30,2000s,,USA preferred when a North American retail release exists,,,,PENDING_COVER_BINARY_ACQUISITION,True,
422,VG-0423,* God Of War II,God Of War II,God Of War II,SOURCE_LABEL_PENDING_VERIFICATION,PlayStation 2,PlayStation 2,2000.0,31,2000s,,USA preferred when a North American retail release exists,,,,PENDING_COVER_BINARY_ACQUISITION,True,
423,VG-0424,*GTA 3,GTA 3,Grand Theft Auto III,CONSERVATIVE_NORMALIZATION,PlayStation 2,PlayStation 2,2000.0,32,2000s,,USA preferred when a North American retail release exists,,,,PENDING_COVER_BINARY_ACQUISITION,True,
424,VG-0425,*GTA Vice City,GTA Vice City,Grand Theft Auto: Vice City,CONSERVATIVE_NORMALIZATION,PlayStation 2,PlayStation 2,2000.0,33,2000s,,USA preferred when a North American retail release exists,,,,PENDING_COVER_BINARY_ACQUISITION,True,
425,VG-0426,*GTA San Andreas,GTA San Andreas,Grand Theft Auto: San Andreas,CONSERVATIVE_NORMALIZATION,PlayStation 2,PlayStation 2,2000.0,34,2000s,,USA preferred when a North American retail release exists,,,,PENDING_COVER_BINARY_ACQUISITION,True,
426,VG-0427,*Grim Adventures Of Billy & Mandy,Grim Adventures Of Billy & Mandy,Grim Adventures Of Billy & Mandy,SOURCE_LABEL_PENDING_VERIFICATION,PlayStation 2,PlayStation 2,2000.0,35,2000s,,USA preferred when a North American retail release exists,,,,PENDING_COVER_BINARY_ACQUISITION,True,
427,VG-0428,* Guitar Hero III,Guitar Hero III,Guitar Hero III,SOURCE_LABEL_PENDING_VERIFICATION,PlayStation 2,PlayStation 2,2000.0,36,2000s,,USA preferred when a North American retail release exists,,,,PENDING_COVER_BINARY_ACQUISITION,True,
428,VG-0429,Half Life,Half Life,Half Life,SOURCE_LABEL_PENDING_VERIFICATION,PlayStation 2,PlayStation 2,2000.0,37,2000s,,USA preferred when a North American retail release exists,,,,PENDING_COVER_BINARY_ACQUISITION,False,
429,VG-0430,*Hitman: Contracts,Hitman: Contracts,Hitman: Contracts,SOURCE_LABEL_PENDING_VERIFICATION,PlayStation 2,PlayStation 2,2000.0,38,2000s,,USA preferred when a North American retail release exists,,,,PENDING_COVER_BINARY_ACQUISITION,True,
430,VG-0431,* Hitman 2,Hitman 2,Hitman 2,SOURCE_LABEL_PENDING_VERIFICATION,PlayStation 2,PlayStation 2,2000.0,39,2000s,,USA preferred when a North American retail release exists,,,,PENDING_COVER_BINARY_ACQUISITION,True,
431,VG-0432,* Ico,Ico,Ico,SOURCE_LABEL_PENDING_VERIFICATION,PlayStation 2,PlayStation 2,2000.0,40,2000s,,USA preferred when a North American retail release exists,,,,PENDING_COVER_BINARY_ACQUISITION,True,
432,VG-0433,*Jak & Daxter,Jak & Daxter,Jak and Daxter: The Precursor Legacy,CONSERVATIVE_NORMALIZATION,PlayStation 2,PlayStation 2,2000.0,41,2000s,,USA preferred when a North American retail release exists,,,,PENDING_COVER_BINARY_ACQUISITION,True,
433,VG-0434,*Jak & Daxter II,Jak & Daxter II,Jak II,CONSERVATIVE_NORMALIZATION,PlayStation 2,PlayStation 2,2000.0,42,2000s,,USA preferred when a North American retail release exists,,,,PENDING_COVER_BINARY_ACQUISITION,True,
434,VG-0435,*Jak & Daxter 3,Jak & Daxter 3,Jak 3,CONSERVATIVE_NORMALIZATION,PlayStation 2,PlayStation 2,2000.0,43,2000s,,USA preferred when a North American retail release exists,,,,PENDING_COVER_BINARY_ACQUISITION,True,
435,VG-0436,* Katamari Damcacy,Katamari Damcacy,Katamari Damacy,CONSERVATIVE_NORMALIZATION,PlayStation 2,PlayStation 2,2000.0,44,2000s,,USA preferred when a North American retail release exists,,,,PENDING_COVER_BINARY_ACQUISITION,True,
436,VG-0437,* Kingdom Hearts 1,Kingdom Hearts 1,Kingdom Hearts,CONSERVATIVE_NORMALIZATION,PlayStation 2,PlayStation 2,2000.0,45,2000s,,USA preferred when a North American retail release exists,,,,PENDING_COVER_BINARY_ACQUISITION,True,
437,VG-0438,* Kingdom Hearts 2,Kingdom Hearts 2,Kingdom Hearts II,CONSERVATIVE_NORMALIZATION,PlayStation 2,PlayStation 2,2000.0,46,2000s,,USA preferred when a North American retail release exists,,,,PENDING_COVER_BINARY_ACQUISITION,True,
438,VG-0439,King Of Fighters 2000,King Of Fighters 2000,King Of Fighters 2000,SOURCE_LABEL_PENDING_VERIFICATION,PlayStation 2,PlayStation 2,2000.0,47,2000s,,USA preferred when a North American retail release exists,,,,PENDING_COVER_BINARY_ACQUISITION,False,
439,VG-0440,Kya The Dark Lineage,Kya The Dark Lineage,Kya The Dark Lineage,SOURCE_LABEL_PENDING_VERIFICATION,PlayStation 2,PlayStation 2,2000.0,48,2000s,,USA preferred when a North American retail release exists,,,,PENDING_COVER_BINARY_ACQUISITION,False,
440,VG-0441,*Marvel Ultimate Alliance,Marvel Ultimate Alliance,Marvel Ultimate Alliance,SOURCE_LABEL_PENDING_VERIFICATION,PlayStation 2,PlayStation 2,2000.0,49,2000s,,USA preferred when a North American retail release exists,,,,PENDING_COVER_BINARY_ACQUISITION,True,
441,VG-0442,* Max Payne,Max Payne,Max Payne,SOURCE_LABEL_PENDING_VERIFICATION,PlayStation 2,PlayStation 2,2000.0,50,2000s,,USA preferred when a North American retail release exists,,,,PENDING_COVER_BINARY_ACQUISITION,True,
442,VG-0443,* Max Payne 2,Max Payne 2,Max Payne 2,SOURCE_LABEL_PENDING_VERIFICATION,PlayStation 2,PlayStation 2,2000.0,51,2000s,,USA preferred when a North American retail release exists,,,,PENDING_COVER_BINARY_ACQUISITION,True,
443,VG-0444,* MGS2,MGS2,Metal Gear Solid 2: Sons of Liberty,CONSERVATIVE_NORMALIZATION,PlayStation 2,PlayStation 2,2000.0,52,2000s,,USA preferred when a North American retail release exists,,,,PENDING_COVER_BINARY_ACQUISITION,True,
444,VG-0445,* MGS3,MGS3,Metal Gear Solid 3: Snake Eater,CONSERVATIVE_NORMALIZATION,PlayStation 2,PlayStation 2,2000.0,53,2000s,,USA preferred when a North American retail release exists,,,,PENDING_COVER_BINARY_ACQUISITION,True,
445,VG-0446,*Midnight Club,Midnight Club,Midnight Club,SOURCE_LABEL_PENDING_VERIFICATION,PlayStation 2,PlayStation 2,2000.0,54,2000s,,USA preferred when a North American retail release exists,,,,PENDING_COVER_BINARY_ACQUISITION,True,
446,VG-0447,*Midnight Club 2,Midnight Club 2,Midnight Club 2,SOURCE_LABEL_PENDING_VERIFICATION,PlayStation 2,PlayStation 2,2000.0,55,2000s,,USA preferred when a North American retail release exists,,,,PENDING_COVER_BINARY_ACQUISITION,True,
447,VG-0448,* Midnight Club 3,Midnight Club 3,Midnight Club 3,SOURCE_LABEL_PENDING_VERIFICATION,PlayStation 2,PlayStation 2,2000.0,56,2000s,,USA preferred when a North American retail release exists,,,,PENDING_COVER_BINARY_ACQUISITION,True,
448,VG-0449,*Naruto Ultimate Ninja,Naruto Ultimate Ninja,Naruto Ultimate Ninja,SOURCE_LABEL_PENDING_VERIFICATION,PlayStation 2,PlayStation 2,2000.0,57,2000s,,USA preferred when a North American retail release exists,,,,PENDING_COVER_BINARY_ACQUISITION,True,
449,VG-0450,*Naruto Ultimate Ninja 2,Naruto Ultimate Ninja 2,Naruto Ultimate Ninja 2,SOURCE_LABEL_PENDING_VERIFICATION,PlayStation 2,PlayStation 2,2000.0,58,2000s,,USA preferred when a North American retail release exists,,,,PENDING_COVER_BINARY_ACQUISITION,True,
450,VG-0451,*Naruto Ultimate Ninja 3,Naruto Ultimate Ninja 3,Naruto Ultimate Ninja 3,SOURCE_LABEL_PENDING_VERIFICATION,PlayStation 2,PlayStation 2,2000.0,59,2000s,,USA preferred when a North American retail release exists,,,,PENDING_COVER_BINARY_ACQUISITION,True,
451,VG-0452,*Naruto Ultimate Ninja 4,Naruto Ultimate Ninja 4,Naruto Ultimate Ninja 4,SOURCE_LABEL_PENDING_VERIFICATION,PlayStation 2,PlayStation 2,2000.0,60,2000s,,USA preferred when a North American retail release exists,,,,PENDING_COVER_BINARY_ACQUISITION,True,
452,VG-0453,*Naruto Uzumaki Chronicles,Naruto Uzumaki Chronicles,Naruto Uzumaki Chronicles,SOURCE_LABEL_PENDING_VERIFICATION,PlayStation 2,PlayStation 2,2000.0,61,2000s,,USA preferred when a North American retail release exists,,,,PENDING_COVER_BINARY_ACQUISITION,True,
453,VG-0454,*Naruto Uzumaki Chronicles 2,Naruto Uzumaki Chronicles 2,Naruto Uzumaki Chronicles 2,SOURCE_LABEL_PENDING_VERIFICATION,PlayStation 2,PlayStation 2,2000.0,62,2000s,,USA preferred when a North American retail release exists,,,,PENDING_COVER_BINARY_ACQUISITION,True,
454,VG-0455,*Nicktoons Unite,Nicktoons Unite,Nicktoons Unite,SOURCE_LABEL_PENDING_VERIFICATION,PlayStation 2,PlayStation 2,2000.0,63,2000s,,USA preferred when a North American retail release exists,,,,PENDING_COVER_BINARY_ACQUISITION,True,
455,VG-0456,NBA 2K3,NBA 2K3,NBA 2K3,SOURCE_LABEL_PENDING_VERIFICATION,PlayStation 2,PlayStation 2,2000.0,64,2000s,,USA preferred when a North American retail release exists,,,,PENDING_COVER_BINARY_ACQUISITION,False,
456,VG-0457,NBA 2K4,NBA 2K4,NBA 2K4,SOURCE_LABEL_PENDING_VERIFICATION,PlayStation 2,PlayStation 2,2000.0,65,2000s,,USA preferred when a North American retail release exists,,,,PENDING_COVER_BINARY_ACQUISITION,False,
457,VG-0458,NBA 2K5,NBA 2K5,NBA 2K5,SOURCE_LABEL_PENDING_VERIFICATION,PlayStation 2,PlayStation 2,2000.0,66,2000s,,USA preferred when a North American retail release exists,,,,PENDING_COVER_BINARY_ACQUISITION,False,
458,VG-0459,*NBA 2K8,NBA 2K8,NBA 2K8,SOURCE_LABEL_PENDING_VERIFICATION,PlayStation 2,PlayStation 2,2000.0,67,2000s,,USA preferred when a North American retail release exists,,,,PENDING_COVER_BINARY_ACQUISITION,True,
459,VG-0460,*NBA 2K9 (owned might need new),NBA 2K9 (owned might need new),NBA 2K9,SOURCE_LABEL_PENDING_VERIFICATION,PlayStation 2,PlayStation 2,2000.0,68,2000s,,USA preferred when a North American retail release exists,,,,PENDING_COVER_BINARY_ACQUISITION,True,Source note: owned might need new
460,VG-0461,*NBA 2K10 (owned might Need new),NBA 2K10 (owned might Need new),NBA 2K10,SOURCE_LABEL_PENDING_VERIFICATION,PlayStation 2,PlayStation 2,2000.0,69,2000s,,USA preferred when a North American retail release exists,,,,PENDING_COVER_BINARY_ACQUISITION,True,Source note: owned might Need new
461,VG-0462,*NBA Ballers,NBA Ballers,NBA Ballers,SOURCE_LABEL_PENDING_VERIFICATION,PlayStation 2,PlayStation 2,2000.0,70,2000s,,USA preferred when a North American retail release exists,,,,PENDING_COVER_BINARY_ACQUISITION,True,
462,VG-0463,*NBA Live 2003,NBA Live 2003,NBA Live 2003,SOURCE_LABEL_PENDING_VERIFICATION,PlayStation 2,PlayStation 2,2000.0,71,2000s,,USA preferred when a North American retail release exists,,,,PENDING_COVER_BINARY_ACQUISITION,True,
463,VG-0464,*NBA Live 2004,NBA Live 2004,NBA Live 2004,SOURCE_LABEL_PENDING_VERIFICATION,PlayStation 2,PlayStation 2,2000.0,72,2000s,,USA preferred when a North American retail release exists,,,,PENDING_COVER_BINARY_ACQUISITION,True,
464,VG-0465,*NBA Live 2006,NBA Live 2006,NBA Live 2006,SOURCE_LABEL_PENDING_VERIFICATION,PlayStation 2,PlayStation 2,2000.0,73,2000s,,USA preferred when a North American retail release exists,,,,PENDING_COVER_BINARY_ACQUISITION,True,
465,VG-0466,*NBA Live 2007,NBA Live 2007,NBA Live 2007,SOURCE_LABEL_PENDING_VERIFICATION,PlayStation 2,PlayStation 2,2000.0,74,2000s,,USA preferred when a North American retail release exists,,,,PENDING_COVER_BINARY_ACQUISITION,True,
466,VG-0467,*NBA Phenom,NBA Phenom,NBA Phenom,SOURCE_LABEL_PENDING_VERIFICATION,PlayStation 2,PlayStation 2,2000.0,75,2000s,,USA preferred when a North American retail release exists,,,,PENDING_COVER_BINARY_ACQUISITION,True,
467,VG-0468,*NBA Street,NBA Street,NBA Street,SOURCE_LABEL_PENDING_VERIFICATION,PlayStation 2,PlayStation 2,2000.0,76,2000s,,USA preferred when a North American retail release exists,,,,PENDING_COVER_BINARY_ACQUISITION,True,
468,VG-0469,* NBA Street Vol 2 (new copy),NBA Street Vol 2 (new copy),NBA Street Vol 2,SOURCE_LABEL_PENDING_VERIFICATION,PlayStation 2,PlayStation 2,2000.0,77,2000s,,USA preferred when a North American retail release exists,,,,PENDING_COVER_BINARY_ACQUISITION,True,Source note: new copy
469,VG-0470,*NFL Street,NFL Street,NFL Street,SOURCE_LABEL_PENDING_VERIFICATION,PlayStation 2,PlayStation 2,2000.0,78,2000s,,USA preferred when a North American retail release exists,,,,PENDING_COVER_BINARY_ACQUISITION,True,
470,VG-0471,*NFL Street 2,NFL Street 2,NFL Street 2,SOURCE_LABEL_PENDING_VERIFICATION,PlayStation 2,PlayStation 2,2000.0,79,2000s,,USA preferred when a North American retail release exists,,,,PENDING_COVER_BINARY_ACQUISITION,True,
471,VG-0472,*NFL Street 3,NFL Street 3,NFL Street 3,SOURCE_LABEL_PENDING_VERIFICATION,PlayStation 2,PlayStation 2,2000.0,80,2000s,,USA preferred when a North American retail release exists,,,,PENDING_COVER_BINARY_ACQUISITION,True,
472,VG-0473,*Nightshade,Nightshade,Nightshade,SOURCE_LABEL_PENDING_VERIFICATION,PlayStation 2,PlayStation 2,2000.0,81,2000s,,USA preferred when a North American retail release exists,,,,PENDING_COVER_BINARY_ACQUISITION,True,
473,VG-0474,* Okami,Okami,Okami,SOURCE_LABEL_PENDING_VERIFICATION,PlayStation 2,PlayStation 2,2000.0,82,2000s,,USA preferred when a North American retail release exists,,,,PENDING_COVER_BINARY_ACQUISITION,True,
474,VG-0475,*Onimusha,Onimusha,Onimusha,SOURCE_LABEL_PENDING_VERIFICATION,PlayStation 2,PlayStation 2,2000.0,83,2000s,,USA preferred when a North American retail release exists,,,,PENDING_COVER_BINARY_ACQUISITION,True,
475,VG-0476,*Onimusha 2,Onimusha 2,Onimusha 2,SOURCE_LABEL_PENDING_VERIFICATION,PlayStation 2,PlayStation 2,2000.0,84,2000s,,USA preferred when a North American retail release exists,,,,PENDING_COVER_BINARY_ACQUISITION,True,
476,VG-0477,*Onimusha 3,Onimusha 3,Onimusha 3,SOURCE_LABEL_PENDING_VERIFICATION,PlayStation 2,PlayStation 2,2000.0,85,2000s,,USA preferred when a North American retail release exists,,,,PENDING_COVER_BINARY_ACQUISITION,True,
477,VG-0478,*Onimusha Dawn Of Dreams,Onimusha Dawn Of Dreams,Onimusha Dawn Of Dreams,SOURCE_LABEL_PENDING_VERIFICATION,PlayStation 2,PlayStation 2,2000.0,86,2000s,,USA preferred when a North American retail release exists,,,,PENDING_COVER_BINARY_ACQUISITION,True,
478,VG-0479,* Persona 3,Persona 3,Persona 3,SOURCE_LABEL_PENDING_VERIFICATION,PlayStation 2,PlayStation 2,2000.0,87,2000s,,USA preferred when a North American retail release exists,,,,PENDING_COVER_BINARY_ACQUISITION,True,
479,VG-0480,* Prince Of Persia: Sands of Time,Prince Of Persia: Sands of Time,Prince Of Persia: Sands of Time,SOURCE_LABEL_PENDING_VERIFICATION,PlayStation 2,PlayStation 2,2000.0,88,2000s,,USA preferred when a North American retail release exists,,,,PENDING_COVER_BINARY_ACQUISITION,True,
480,VG-0481,*Ratchet & Clank,Ratchet & Clank,Ratchet & Clank,SOURCE_LABEL_PENDING_VERIFICATION,PlayStation 2,PlayStation 2,2000.0,89,2000s,,USA preferred when a North American retail release exists,,,,PENDING_COVER_BINARY_ACQUISITION,True,
481,VG-0482,*Ratchet & Clank Going Commando,Ratchet & Clank Going Commando,Ratchet & Clank Going Commando,SOURCE_LABEL_PENDING_VERIFICATION,PlayStation 2,PlayStation 2,2000.0,90,2000s,,USA preferred when a North American retail release exists,,,,PENDING_COVER_BINARY_ACQUISITION,True,
482,VG-0483,* Ratchet & Clank: Up Your Arsenal,Ratchet & Clank: Up Your Arsenal,Ratchet & Clank: Up Your Arsenal,SOURCE_LABEL_PENDING_VERIFICATION,PlayStation 2,PlayStation 2,2000.0,91,2000s,,USA preferred when a North American retail release exists,,,,PENDING_COVER_BINARY_ACQUISITION,True,
483,VG-0484,* Resident Evil 4,Resident Evil 4,Resident Evil 4,SOURCE_LABEL_PENDING_VERIFICATION,PlayStation 2,PlayStation 2,2000.0,92,2000s,,USA preferred when a North American retail release exists,,,,PENDING_COVER_BINARY_ACQUISITION,True,
484,VG-0485,*Samurai Jack Shadows Of Aku,Samurai Jack Shadows Of Aku,Samurai Jack Shadows Of Aku,SOURCE_LABEL_PENDING_VERIFICATION,PlayStation 2,PlayStation 2,2000.0,93,2000s,,USA preferred when a North American retail release exists,,,,PENDING_COVER_BINARY_ACQUISITION,True,
485,VG-0486,*Silent Hill 2,Silent Hill 2,Silent Hill 2,SOURCE_LABEL_PENDING_VERIFICATION,PlayStation 2,PlayStation 2,2000.0,94,2000s,,USA preferred when a North American retail release exists,,,,PENDING_COVER_BINARY_ACQUISITION,True,
486,VG-0487,*Silent Hill 3,Silent Hill 3,Silent Hill 3,SOURCE_LABEL_PENDING_VERIFICATION,PlayStation 2,PlayStation 2,2000.0,95,2000s,,USA preferred when a North American retail release exists,,,,PENDING_COVER_BINARY_ACQUISITION,True,
487,VG-0488,*Sly Cooper,Sly Cooper,Sly Cooper,SOURCE_LABEL_PENDING_VERIFICATION,PlayStation 2,PlayStation 2,2000.0,96,2000s,,USA preferred when a North American retail release exists,,,,PENDING_COVER_BINARY_ACQUISITION,True,
488,VG-0489,*Sly Cooper 3 (case),Sly Cooper 3 (case),Sly Cooper 3,SOURCE_LABEL_PENDING_VERIFICATION,PlayStation 2,PlayStation 2,2000.0,97,2000s,,USA preferred when a North American retail release exists,,,,PENDING_COVER_BINARY_ACQUISITION,True,Source note: case
489,VG-0490,*Shadow Of Colossus,Shadow Of Colossus,Shadow of the Colossus,CONSERVATIVE_NORMALIZATION,PlayStation 2,PlayStation 2,2000.0,98,2000s,,USA preferred when a North American retail release exists,,,,PENDING_COVER_BINARY_ACQUISITION,True,
490,VG-0491,*Shinobi,Shinobi,Shinobi,SOURCE_LABEL_PENDING_VERIFICATION,PlayStation 2,PlayStation 2,2000.0,99,2000s,,USA preferred when a North American retail release exists,,,,PENDING_COVER_BINARY_ACQUISITION,True,
491,VG-0492,*Simpsons Hit & Run,Simpsons Hit & Run,Simpsons Hit & Run,SOURCE_LABEL_PENDING_VERIFICATION,PlayStation 2,PlayStation 2,2000.0,100,2000s,,USA preferred when a North American retail release exists,,,,PENDING_COVER_BINARY_ACQUISITION,True,
492,VG-0493,*Smackdown Vs Raw 2007,Smackdown Vs Raw 2007,Smackdown Vs Raw 2007,SOURCE_LABEL_PENDING_VERIFICATION,PlayStation 2,PlayStation 2,2000.0,101,2000s,,USA preferred when a North American retail release exists,,,,PENDING_COVER_BINARY_ACQUISITION,True,
493,VG-0494,*Smackdown Vs Raw 2008,Smackdown Vs Raw 2008,Smackdown Vs Raw 2008,SOURCE_LABEL_PENDING_VERIFICATION,PlayStation 2,PlayStation 2,2000.0,102,2000s,,USA preferred when a North American retail release exists,,,,PENDING_COVER_BINARY_ACQUISITION,True,
494,VG-0495,*SpongeBob The Movie,SpongeBob The Movie,SpongeBob The Movie,SOURCE_LABEL_PENDING_VERIFICATION,PlayStation 2,PlayStation 2,2000.0,103,2000s,,USA preferred when a North American retail release exists,,,,PENDING_COVER_BINARY_ACQUISITION,True,
495,VG-0496,*Soul Calibur III,Soul Calibur III,Soul Calibur III,SOURCE_LABEL_PENDING_VERIFICATION,PlayStation 2,PlayStation 2,2000.0,104,2000s,,USA preferred when a North American retail release exists,,,,PENDING_COVER_BINARY_ACQUISITION,True,
496,VG-0497,*SSX Tricky,SSX Tricky,SSX Tricky,SOURCE_LABEL_PENDING_VERIFICATION,PlayStation 2,PlayStation 2,2000.0,105,2000s,,USA preferred when a North American retail release exists,,,,PENDING_COVER_BINARY_ACQUISITION,True,
497,VG-0498,*SSX 3,SSX 3,SSX 3,SOURCE_LABEL_PENDING_VERIFICATION,PlayStation 2,PlayStation 2,2000.0,106,2000s,,USA preferred when a North American retail release exists,,,,PENDING_COVER_BINARY_ACQUISITION,True,
498,VG-0499,*SSX On Tour (owned need new disc),SSX On Tour (owned need new disc),SSX On Tour,SOURCE_LABEL_PENDING_VERIFICATION,PlayStation 2,PlayStation 2,2000.0,107,2000s,,USA preferred when a North American retail release exists,,,,PENDING_COVER_BINARY_ACQUISITION,True,Source note: owned need new disc
499,VG-0500,Star Wars Battlefront,Star Wars Battlefront,Star Wars Battlefront,SOURCE_LABEL_PENDING_VERIFICATION,PlayStation 2,PlayStation 2,2000.0,108,2000s,,USA preferred when a North American retail release exists,,,,PENDING_COVER_BINARY_ACQUISITION,False,
500,VG-0501,*Star Wars The Clone Wars,Star Wars The Clone Wars,Star Wars The Clone Wars,SOURCE_LABEL_PENDING_VERIFICATION,PlayStation 2,PlayStation 2,2000.0,109,2000s,,USA preferred when a North American retail release exists,,,,PENDING_COVER_BINARY_ACQUISITION,True,
501,VG-0502,Star Wars Jedi Starfighter,Star Wars Jedi Starfighter,Star Wars Jedi Starfighter,SOURCE_LABEL_PENDING_VERIFICATION,PlayStation 2,PlayStation 2,2000.0,110,2000s,,USA preferred when a North American retail release exists,,,,PENDING_COVER_BINARY_ACQUISITION,False,
502,VG-0503,*State Of Emergency,State Of Emergency,State Of Emergency,SOURCE_LABEL_PENDING_VERIFICATION,PlayStation 2,PlayStation 2,2000.0,111,2000s,,USA preferred when a North American retail release exists,,,,PENDING_COVER_BINARY_ACQUISITION,True,
503,VG-0504,*Super Dragon Ball Z,Super Dragon Ball Z,Super Dragon Ball Z,SOURCE_LABEL_PENDING_VERIFICATION,PlayStation 2,PlayStation 2,2000.0,112,2000s,,USA preferred when a North American retail release exists,,,,PENDING_COVER_BINARY_ACQUISITION,True,
504,VG-0505,*Tak & The Power Of JuJu,Tak & The Power Of JuJu,Tak & The Power Of JuJu,SOURCE_LABEL_PENDING_VERIFICATION,PlayStation 2,PlayStation 2,2000.0,113,2000s,,USA preferred when a North American retail release exists,,,,PENDING_COVER_BINARY_ACQUISITION,True,
505,VG-0506,*Tak & The Great JuJu Challenge,Tak & The Great JuJu Challenge,Tak & The Great JuJu Challenge,SOURCE_LABEL_PENDING_VERIFICATION,PlayStation 2,PlayStation 2,2000.0,114,2000s,,USA preferred when a North American retail release exists,,,,PENDING_COVER_BINARY_ACQUISITION,True,
506,VG-0507,*Taz Wanted,Taz Wanted,Taz Wanted,SOURCE_LABEL_PENDING_VERIFICATION,PlayStation 2,PlayStation 2,2000.0,115,2000s,,USA preferred when a North American retail release exists,,,,PENDING_COVER_BINARY_ACQUISITION,True,
507,VG-0508,TMNT,TMNT,TMNT,SOURCE_LABEL_PENDING_VERIFICATION,PlayStation 2,PlayStation 2,2000.0,116,2000s,,USA preferred when a North American retail release exists,,,,PENDING_COVER_BINARY_ACQUISITION,False,
508,VG-0509,*Tenchu Wrath Of Heaven,Tenchu Wrath Of Heaven,Tenchu Wrath Of Heaven,SOURCE_LABEL_PENDING_VERIFICATION,PlayStation 2,PlayStation 2,2000.0,117,2000s,,USA preferred when a North American retail release exists,,,,PENDING_COVER_BINARY_ACQUISITION,True,
509,VG-0510,*Tekken 4,Tekken 4,Tekken 4,SOURCE_LABEL_PENDING_VERIFICATION,PlayStation 2,PlayStation 2,2000.0,118,2000s,,USA preferred when a North American retail release exists,,,,PENDING_COVER_BINARY_ACQUISITION,True,
510,VG-0511,*Tekken 5,Tekken 5,Tekken 5,SOURCE_LABEL_PENDING_VERIFICATION,PlayStation 2,PlayStation 2,2000.0,119,2000s,,USA preferred when a North American retail release exists,,,,PENDING_COVER_BINARY_ACQUISITION,True,
511,VG-0512,*Time Splitters,Time Splitters,TimeSplitters,CONSERVATIVE_NORMALIZATION,PlayStation 2,PlayStation 2,2000.0,120,2000s,,USA preferred when a North American retail release exists,,,,PENDING_COVER_BINARY_ACQUISITION,True,
512,VG-0513,*Time Splitters 2,Time Splitters 2,TimeSplitters 2,CONSERVATIVE_NORMALIZATION,PlayStation 2,PlayStation 2,2000.0,121,2000s,,USA preferred when a North American retail release exists,,,,PENDING_COVER_BINARY_ACQUISITION,True,
513,VG-0514,*Tony Hawk Underground (own/need new disc),Tony Hawk Underground (own/need new disc),Tony Hawk's Underground,CONSERVATIVE_NORMALIZATION,PlayStation 2,PlayStation 2,2000.0,122,2000s,,USA preferred when a North American retail release exists,,,,PENDING_COVER_BINARY_ACQUISITION,True,Source note: own/need new disc
514,VG-0515,Tony Hawk Underground 2 (new disc/case),Tony Hawk Underground 2 (new disc/case),Tony Hawk's Underground 2,CONSERVATIVE_NORMALIZATION,PlayStation 2,PlayStation 2,2000.0,123,2000s,,USA preferred when a North American retail release exists,,,,PENDING_COVER_BINARY_ACQUISITION,False,Source note: new disc/case
515,VG-0516,*Treasure Planet,Treasure Planet,Treasure Planet,SOURCE_LABEL_PENDING_VERIFICATION,PlayStation 2,PlayStation 2,2000.0,124,2000s,,USA preferred when a North American retail release exists,,,,PENDING_COVER_BINARY_ACQUISITION,True,
516,VG-0517,Urban Reign,Urban Reign,Urban Reign,SOURCE_LABEL_PENDING_VERIFICATION,PlayStation 2,PlayStation 2,2000.0,125,2000s,,USA preferred when a North American retail release exists,,,,PENDING_COVER_BINARY_ACQUISITION,False,
517,VG-0518,The Urbz,The Urbz,The Urbz,SOURCE_LABEL_PENDING_VERIFICATION,PlayStation 2,PlayStation 2,2000.0,126,2000s,,USA preferred when a North American retail release exists,,,,PENDING_COVER_BINARY_ACQUISITION,False,
518,VG-0519,X-Men Official Game,X-Men Official Game,X-Men: The Official Game,CONSERVATIVE_NORMALIZATION,PlayStation 2,PlayStation 2,2000.0,127,2000s,,USA preferred when a North American retail release exists,,,,PENDING_COVER_BINARY_ACQUISITION,False,
519,VG-0520,X2: Wolverine's Revenge,X2: Wolverine's Revenge,X2: Wolverine's Revenge,SOURCE_LABEL_PENDING_VERIFICATION,PlayStation 2,PlayStation 2,2000.0,128,2000s,,USA preferred when a North American retail release exists,,,,PENDING_COVER_BINARY_ACQUISITION,False,
520,VG-0521,Woody Woodpecker,Woody Woodpecker,Woody Woodpecker,SOURCE_LABEL_PENDING_VERIFICATION,PlayStation 2,PlayStation 2,2000.0,129,2000s,,USA preferred when a North American retail release exists,,,,PENDING_COVER_BINARY_ACQUISITION,False,
521,VG-0522,*X-Men Legends,X-Men Legends,X-Men Legends,SOURCE_LABEL_PENDING_VERIFICATION,PlayStation 2,PlayStation 2,2000.0,130,2000s,,USA preferred when a North American retail release exists,,,,PENDING_COVER_BINARY_ACQUISITION,True,
522,VG-0523,*Yakuza,Yakuza,Yakuza,SOURCE_LABEL_PENDING_VERIFICATION,PlayStation 2,PlayStation 2,2000.0,131,2000s,,USA preferred when a North American retail release exists,,,,PENDING_COVER_BINARY_ACQUISITION,True,
523,VG-0524,*Yakuza 2,Yakuza 2,Yakuza 2,SOURCE_LABEL_PENDING_VERIFICATION,PlayStation 2,PlayStation 2,2000.0,132,2000s,,USA preferred when a North American retail release exists,,,,PENDING_COVER_BINARY_ACQUISITION,True,
524,VG-0525,Alien Hominid,Alien Hominid,Alien Hominid,SOURCE_LABEL_PENDING_VERIFICATION,Game Boy Advance,Game Boy Advance,2001.0,1,2000s,,USA preferred when a North American retail release exists,,,,PENDING_COVER_BINARY_ACQUISITION,False,
525,VG-0526,* Astro Boy,Astro Boy,Astro Boy,SOURCE_LABEL_PENDING_VERIFICATION,Game Boy Advance,Game Boy Advance,2001.0,2,2000s,,USA preferred when a North American retail release exists,,,,PENDING_COVER_BINARY_ACQUISITION,True,
526,VG-0527,*Dragon Ball Advanced Adventure,Dragon Ball Advanced Adventure,Dragon Ball Advanced Adventure,SOURCE_LABEL_PENDING_VERIFICATION,Game Boy Advance,Game Boy Advance,2001.0,3,2000s,,USA preferred when a North American retail release exists,,,,PENDING_COVER_BINARY_ACQUISITION,True,
527,VG-0528,*Dragon Ball Legacy Of Goku,Dragon Ball Legacy Of Goku,Dragon Ball Legacy Of Goku,SOURCE_LABEL_PENDING_VERIFICATION,Game Boy Advance,Game Boy Advance,2001.0,4,2000s,,USA preferred when a North American retail release exists,,,,PENDING_COVER_BINARY_ACQUISITION,True,
528,VG-0529,*Dragon Ball Buu Fury,Dragon Ball Buu Fury,Dragon Ball Buu Fury,SOURCE_LABEL_PENDING_VERIFICATION,Game Boy Advance,Game Boy Advance,2001.0,5,2000s,,USA preferred when a North American retail release exists,,,,PENDING_COVER_BINARY_ACQUISITION,True,
529,VG-0530,*Drill Dozer,Drill Dozer,Drill Dozer,SOURCE_LABEL_PENDING_VERIFICATION,Game Boy Advance,Game Boy Advance,2001.0,6,2000s,,USA preferred when a North American retail release exists,,,,PENDING_COVER_BINARY_ACQUISITION,True,
530,VG-0531,* Golden Sun,Golden Sun,Golden Sun,SOURCE_LABEL_PENDING_VERIFICATION,Game Boy Advance,Game Boy Advance,2001.0,7,2000s,,USA preferred when a North American retail release exists,,,,PENDING_COVER_BINARY_ACQUISITION,True,
531,VG-0532,* Invincible Iron Man,Invincible Iron Man,Invincible Iron Man,SOURCE_LABEL_PENDING_VERIFICATION,Game Boy Advance,Game Boy Advance,2001.0,8,2000s,,USA preferred when a North American retail release exists,,,,PENDING_COVER_BINARY_ACQUISITION,True,
532,VG-0533,Jackie Chan Adventures,Jackie Chan Adventures,Jackie Chan Adventures,SOURCE_LABEL_PENDING_VERIFICATION,Game Boy Advance,Game Boy Advance,2001.0,9,2000s,,USA preferred when a North American retail release exists,,,,PENDING_COVER_BINARY_ACQUISITION,False,
533,VG-0534,* Kirby Nightmare In Dreamland,Kirby Nightmare In Dreamland,Kirby: Nightmare in Dream Land,CONSERVATIVE_NORMALIZATION,Game Boy Advance,Game Boy Advance,2001.0,10,2000s,,USA preferred when a North American retail release exists,,,,PENDING_COVER_BINARY_ACQUISITION,True,
534,VG-0535,* Klonoa,Klonoa,Klonoa,SOURCE_LABEL_PENDING_VERIFICATION,Game Boy Advance,Game Boy Advance,2001.0,11,2000s,,USA preferred when a North American retail release exists,,,,PENDING_COVER_BINARY_ACQUISITION,True,
535,VG-0536,* Lilo & Stitch,Lilo & Stitch,Lilo & Stitch,SOURCE_LABEL_PENDING_VERIFICATION,Game Boy Advance,Game Boy Advance,2001.0,12,2000s,,USA preferred when a North American retail release exists,,,,PENDING_COVER_BINARY_ACQUISITION,True,
536,VG-0537,* Lilo & Stitch 2,Lilo & Stitch 2,Lilo & Stitch 2,SOURCE_LABEL_PENDING_VERIFICATION,Game Boy Advance,Game Boy Advance,2001.0,13,2000s,,USA preferred when a North American retail release exists,,,,PENDING_COVER_BINARY_ACQUISITION,True,
537,VG-0538,* Mario & Luigi Superstar Saga,Mario & Luigi Superstar Saga,Mario & Luigi: Superstar Saga,CONSERVATIVE_NORMALIZATION,Game Boy Advance,Game Boy Advance,2001.0,14,2000s,,USA preferred when a North American retail release exists,,,,PENDING_COVER_BINARY_ACQUISITION,True,
538,VG-0539,*Metroid Fusion,Metroid Fusion,Metroid Fusion,SOURCE_LABEL_PENDING_VERIFICATION,Game Boy Advance,Game Boy Advance,2001.0,15,2000s,,USA preferred when a North American retail release exists,,,,PENDING_COVER_BINARY_ACQUISITION,True,
539,VG-0540,*Metroid Zero Mission,Metroid Zero Mission,Metroid Zero Mission,SOURCE_LABEL_PENDING_VERIFICATION,Game Boy Advance,Game Boy Advance,2001.0,16,2000s,,USA preferred when a North American retail release exists,,,,PENDING_COVER_BINARY_ACQUISITION,True,
540,VG-0541,* Minish Cap,Minish Cap,The Legend of Zelda: The Minish Cap,CONSERVATIVE_NORMALIZATION,Game Boy Advance,Game Boy Advance,2001.0,17,2000s,,USA preferred when a North American retail release exists,,,,PENDING_COVER_BINARY_ACQUISITION,True,
541,VG-0542,*Mother 3,Mother 3,Mother 3,SOURCE_LABEL_PENDING_VERIFICATION,Game Boy Advance,Game Boy Advance,2001.0,18,2000s,,USA preferred when a North American retail release exists,,,,PENDING_COVER_BINARY_ACQUISITION,True,
542,VG-0543,* One Piece,One Piece,One Piece,SOURCE_LABEL_PENDING_VERIFICATION,Game Boy Advance,Game Boy Advance,2001.0,19,2000s,,USA preferred when a North American retail release exists,,,,PENDING_COVER_BINARY_ACQUISITION,True,
543,VG-0544,* Ninja Five O,Ninja Five O,Ninja Five O,SOURCE_LABEL_PENDING_VERIFICATION,Game Boy Advance,Game Boy Advance,2001.0,20,2000s,,USA preferred when a North American retail release exists,,,,PENDING_COVER_BINARY_ACQUISITION,True,
544,VG-0545,Samurai Jack Amulet Of Time,Samurai Jack Amulet Of Time,Samurai Jack Amulet Of Time,SOURCE_LABEL_PENDING_VERIFICATION,Game Boy Advance,Game Boy Advance,2001.0,21,2000s,,USA preferred when a North American retail release exists,,,,PENDING_COVER_BINARY_ACQUISITION,False,
545,VG-0546,* Shaman King,Shaman King,Shaman King,SOURCE_LABEL_PENDING_VERIFICATION,Game Boy Advance,Game Boy Advance,2001.0,22,2000s,,USA preferred when a North American retail release exists,,,,PENDING_COVER_BINARY_ACQUISITION,True,
546,VG-0547,* Sonic Advance,Sonic Advance,Sonic Advance,SOURCE_LABEL_PENDING_VERIFICATION,Game Boy Advance,Game Boy Advance,2001.0,23,2000s,,USA preferred when a North American retail release exists,,,,PENDING_COVER_BINARY_ACQUISITION,True,
547,VG-0548,* Super Mario World: Super Mario Advance 2,Super Mario World: Super Mario Advance 2,Super Mario World: Super Mario Advance 2,SOURCE_LABEL_PENDING_VERIFICATION,Game Boy Advance,Game Boy Advance,2001.0,24,2000s,,USA preferred when a North American retail release exists,,,,PENDING_COVER_BINARY_ACQUISITION,True,
548,VG-0549,* TMNT (GBA) 2000s,TMNT (GBA) 2000s,TMNT 2000s,SOURCE_LABEL_PENDING_VERIFICATION,Game Boy Advance,Game Boy Advance,2001.0,25,2000s,,USA preferred when a North American retail release exists,,,,PENDING_COVER_BINARY_ACQUISITION,True,Source note: GBA
549,VG-0550,*TMNT Nexus,TMNT Nexus,TMNT Nexus,SOURCE_LABEL_PENDING_VERIFICATION,Game Boy Advance,Game Boy Advance,2001.0,26,2000s,,USA preferred when a North American retail release exists,,,,PENDING_COVER_BINARY_ACQUISITION,True,
550,VG-0551,* Wario Ware Inc,Wario Ware Inc,"WarioWare, Inc.: Mega Microgame$!",CONSERVATIVE_NORMALIZATION,Game Boy Advance,Game Boy Advance,2001.0,27,2000s,,USA preferred when a North American retail release exists,,,,PENDING_COVER_BINARY_ACQUISITION,True,
551,VG-0552,X2: Wolverine's Revenge,X2: Wolverine's Revenge,X2: Wolverine's Revenge,SOURCE_LABEL_PENDING_VERIFICATION,Game Boy Advance,Game Boy Advance,2001.0,28,2000s,,USA preferred when a North American retail release exists,,,,PENDING_COVER_BINARY_ACQUISITION,False,
552,VG-0553,*50 Cent Bullet Proof,50 Cent Bullet Proof,50 Cent Bullet Proof,SOURCE_LABEL_PENDING_VERIFICATION,Xbox,Xbox,2001.0,1,2000s,,USA preferred when a North American retail release exists,,,,PENDING_COVER_BINARY_ACQUISITION,True,
553,VG-0554,*Amped,Amped,Amped,SOURCE_LABEL_PENDING_VERIFICATION,Xbox,Xbox,2001.0,2,2000s,,USA preferred when a North American retail release exists,,,,PENDING_COVER_BINARY_ACQUISITION,True,
554,VG-0555,*Amped 2,Amped 2,Amped 2,SOURCE_LABEL_PENDING_VERIFICATION,Xbox,Xbox,2001.0,3,2000s,,USA preferred when a North American retail release exists,,,,PENDING_COVER_BINARY_ACQUISITION,True,
555,VG-0556,*Batman Vengeance,Batman Vengeance,Batman Vengeance,SOURCE_LABEL_PENDING_VERIFICATION,Xbox,Xbox,2001.0,4,2000s,,USA preferred when a North American retail release exists,,,,PENDING_COVER_BINARY_ACQUISITION,True,
556,VG-0557,*Black,Black,Black,SOURCE_LABEL_PENDING_VERIFICATION,Xbox,Xbox,2001.0,5,2000s,,USA preferred when a North American retail release exists,,,,PENDING_COVER_BINARY_ACQUISITION,True,
557,VG-0558,*Blitz The League,Blitz The League,Blitz The League,SOURCE_LABEL_PENDING_VERIFICATION,Xbox,Xbox,2001.0,6,2000s,,USA preferred when a North American retail release exists,,,,PENDING_COVER_BINARY_ACQUISITION,True,
558,VG-0559,*Capcom Classics Collection,Capcom Classics Collection,Capcom Classics Collection,SOURCE_LABEL_PENDING_VERIFICATION,Xbox,Xbox,2001.0,7,2000s,,USA preferred when a North American retail release exists,,,,PENDING_COVER_BINARY_ACQUISITION,True,
559,VG-0560,*Constantine,Constantine,Constantine,SOURCE_LABEL_PENDING_VERIFICATION,Xbox,Xbox,2001.0,8,2000s,,USA preferred when a North American retail release exists,,,,PENDING_COVER_BINARY_ACQUISITION,True,
560,VG-0561,* Crazy Taxi 3,Crazy Taxi 3,Crazy Taxi 3,SOURCE_LABEL_PENDING_VERIFICATION,Xbox,Xbox,2001.0,9,2000s,,USA preferred when a North American retail release exists,,,,PENDING_COVER_BINARY_ACQUISITION,True,
561,VG-0562,Crimson Sea,Crimson Sea,Crimson Sea,SOURCE_LABEL_PENDING_VERIFICATION,Xbox,Xbox,2001.0,10,2000s,,USA preferred when a North American retail release exists,,,,PENDING_COVER_BINARY_ACQUISITION,False,
562,VG-0563,* Crimson Skies,Crimson Skies,Crimson Skies,SOURCE_LABEL_PENDING_VERIFICATION,Xbox,Xbox,2001.0,11,2000s,,USA preferred when a North American retail release exists,,,,PENDING_COVER_BINARY_ACQUISITION,True,
563,VG-0564,*Dead Or Alive 3,Dead Or Alive 3,Dead Or Alive 3,SOURCE_LABEL_PENDING_VERIFICATION,Xbox,Xbox,2001.0,12,2000s,,USA preferred when a North American retail release exists,,,,PENDING_COVER_BINARY_ACQUISITION,True,
564,VG-0565,*Destroy All Humans,Destroy All Humans,Destroy All Humans,SOURCE_LABEL_PENDING_VERIFICATION,Xbox,Xbox,2001.0,13,2000s,,USA preferred when a North American retail release exists,,,,PENDING_COVER_BINARY_ACQUISITION,True,
565,VG-0566,*Destroy All Humans 2,Destroy All Humans 2,Destroy All Humans 2,SOURCE_LABEL_PENDING_VERIFICATION,Xbox,Xbox,2001.0,14,2000s,,USA preferred when a North American retail release exists,,,,PENDING_COVER_BINARY_ACQUISITION,True,
566,VG-0567,* Doom 3,Doom 3,Doom 3,SOURCE_LABEL_PENDING_VERIFICATION,Xbox,Xbox,2001.0,15,2000s,,USA preferred when a North American retail release exists,,,,PENDING_COVER_BINARY_ACQUISITION,True,
567,VG-0568,* Fable,Fable,Fable,SOURCE_LABEL_PENDING_VERIFICATION,Xbox,Xbox,2001.0,16,2000s,,USA preferred when a North American retail release exists,,,,PENDING_COVER_BINARY_ACQUISITION,True,
568,VG-0569,* Fight Night Round 2,Fight Night Round 2,Fight Night Round 2,SOURCE_LABEL_PENDING_VERIFICATION,Xbox,Xbox,2001.0,17,2000s,,USA preferred when a North American retail release exists,,,,PENDING_COVER_BINARY_ACQUISITION,True,
569,VG-0570,* Fuzion Frenzy,Fuzion Frenzy,Fuzion Frenzy,SOURCE_LABEL_PENDING_VERIFICATION,Xbox,Xbox,2001.0,18,2000s,,USA preferred when a North American retail release exists,,,,PENDING_COVER_BINARY_ACQUISITION,True,
570,VG-0571,Ghost Recon Summit Stroke,Ghost Recon Summit Stroke,Tom Clancy's Ghost Recon 2: Summit Strike,CONSERVATIVE_NORMALIZATION,Xbox,Xbox,2001.0,19,2000s,,USA preferred when a North American retail release exists,,,,PENDING_COVER_BINARY_ACQUISITION,False,
571,VG-0572,Godzilla Destroy All Monster's,Godzilla Destroy All Monster's,Godzilla: Destroy All Monsters Melee,CONSERVATIVE_NORMALIZATION,Xbox,Xbox,2001.0,20,2000s,,USA preferred when a North American retail release exists,,,,PENDING_COVER_BINARY_ACQUISITION,False,
572,VG-0573,Godzilla Save The Earth,Godzilla Save The Earth,Godzilla Save The Earth,SOURCE_LABEL_PENDING_VERIFICATION,Xbox,Xbox,2001.0,21,2000s,,USA preferred when a North American retail release exists,,,,PENDING_COVER_BINARY_ACQUISITION,False,
573,VG-0574,* Gun,Gun,Gun,SOURCE_LABEL_PENDING_VERIFICATION,Xbox,Xbox,2001.0,22,2000s,,USA preferred when a North American retail release exists,,,,PENDING_COVER_BINARY_ACQUISITION,True,
574,VG-0575,Gunvalkyrie,Gunvalkyrie,Gunvalkyrie,SOURCE_LABEL_PENDING_VERIFICATION,Xbox,Xbox,2001.0,23,2000s,,USA preferred when a North American retail release exists,,,,PENDING_COVER_BINARY_ACQUISITION,False,
575,VG-0576,* Halo 1,Halo 1,Halo 1,SOURCE_LABEL_PENDING_VERIFICATION,Xbox,Xbox,2001.0,24,2000s,,USA preferred when a North American retail release exists,,,,PENDING_COVER_BINARY_ACQUISITION,True,
576,VG-0577,* Halo 2,Halo 2,Halo 2,SOURCE_LABEL_PENDING_VERIFICATION,Xbox,Xbox,2001.0,25,2000s,,USA preferred when a North American retail release exists,,,,PENDING_COVER_BINARY_ACQUISITION,True,
577,VG-0578,* Jet Set Future Radio,Jet Set Future Radio,Jet Set Radio Future,CONSERVATIVE_NORMALIZATION,Xbox,Xbox,2001.0,26,2000s,,USA preferred when a North American retail release exists,,,,PENDING_COVER_BINARY_ACQUISITION,True,
578,VG-0579,* King Kong,King Kong,King Kong,SOURCE_LABEL_PENDING_VERIFICATION,Xbox,Xbox,2001.0,27,2000s,,USA preferred when a North American retail release exists,,,,PENDING_COVER_BINARY_ACQUISITION,True,
579,VG-0580,*Looney Tunes Fight For Fame,Looney Tunes Fight For Fame,Looney Tunes Fight For Fame,SOURCE_LABEL_PENDING_VERIFICATION,Xbox,Xbox,2001.0,28,2000s,,USA preferred when a North American retail release exists,,,,PENDING_COVER_BINARY_ACQUISITION,True,
580,VG-0581,*Manhunt,Manhunt,Manhunt,SOURCE_LABEL_PENDING_VERIFICATION,Xbox,Xbox,2001.0,29,2000s,,USA preferred when a North American retail release exists,,,,PENDING_COVER_BINARY_ACQUISITION,True,
581,VG-0582,*Manhunt 2,Manhunt 2,Manhunt 2,SOURCE_LABEL_PENDING_VERIFICATION,Xbox,Xbox,2001.0,30,2000s,,USA preferred when a North American retail release exists,,,,PENDING_COVER_BINARY_ACQUISITION,True,
582,VG-0583,*Mortal Kombat Shaolin Monks,Mortal Kombat Shaolin Monks,Mortal Kombat Shaolin Monks,SOURCE_LABEL_PENDING_VERIFICATION,Xbox,Xbox,2001.0,31,2000s,,USA preferred when a North American retail release exists,,,,PENDING_COVER_BINARY_ACQUISITION,True,
583,VG-0584,*Morrowind,Morrowind,The Elder Scrolls III: Morrowind,CONSERVATIVE_NORMALIZATION,Xbox,Xbox,2001.0,32,2000s,,USA preferred when a North American retail release exists,,,,PENDING_COVER_BINARY_ACQUISITION,True,
584,VG-0585,Marc Eckos Getting Up,Marc Eckos Getting Up,Marc Eckos Getting Up,SOURCE_LABEL_PENDING_VERIFICATION,Xbox,Xbox,2001.0,33,2000s,,USA preferred when a North American retail release exists,,,,PENDING_COVER_BINARY_ACQUISITION,False,
585,VG-0586,MechAssault,MechAssault,MechAssault,SOURCE_LABEL_PENDING_VERIFICATION,Xbox,Xbox,2001.0,34,2000s,,USA preferred when a North American retail release exists,,,,PENDING_COVER_BINARY_ACQUISITION,False,
586,VG-0587,MechAssault2,MechAssault2,MechAssault2,SOURCE_LABEL_PENDING_VERIFICATION,Xbox,Xbox,2001.0,35,2000s,,USA preferred when a North American retail release exists,,,,PENDING_COVER_BINARY_ACQUISITION,False,
587,VG-0588,Metal Arms,Metal Arms,Metal Arms,SOURCE_LABEL_PENDING_VERIFICATION,Xbox,Xbox,2001.0,36,2000s,,USA preferred when a North American retail release exists,,,,PENDING_COVER_BINARY_ACQUISITION,False,
588,VG-0589,*Ninja Gaiden Black,Ninja Gaiden Black,Ninja Gaiden Black,SOURCE_LABEL_PENDING_VERIFICATION,Xbox,Xbox,2001.0,37,2000s,,USA preferred when a North American retail release exists,,,,PENDING_COVER_BINARY_ACQUISITION,True,
589,VG-0590,Oddworld Strangers Wrath,Oddworld Strangers Wrath,Oddworld: Stranger's Wrath,CONSERVATIVE_NORMALIZATION,Xbox,Xbox,2001.0,38,2000s,,USA preferred when a North American retail release exists,,,,PENDING_COVER_BINARY_ACQUISITION,False,
590,VG-0591,*Otogi,Otogi,Otogi,SOURCE_LABEL_PENDING_VERIFICATION,Xbox,Xbox,2001.0,39,2000s,,USA preferred when a North American retail release exists,,,,PENDING_COVER_BINARY_ACQUISITION,True,
591,VG-0592,*Otogi 2,Otogi 2,Otogi 2,SOURCE_LABEL_PENDING_VERIFICATION,Xbox,Xbox,2001.0,40,2000s,,USA preferred when a North American retail release exists,,,,PENDING_COVER_BINARY_ACQUISITION,True,
592,VG-0593,*Prince Of Persia Two Thrones,Prince Of Persia Two Thrones,Prince of Persia: The Two Thrones,CONSERVATIVE_NORMALIZATION,Xbox,Xbox,2001.0,41,2000s,,USA preferred when a North American retail release exists,,,,PENDING_COVER_BINARY_ACQUISITION,True,
593,VG-0594,*The Punisher,The Punisher,The Punisher,SOURCE_LABEL_PENDING_VERIFICATION,Xbox,Xbox,2001.0,42,2000s,,USA preferred when a North American retail release exists,,,,PENDING_COVER_BINARY_ACQUISITION,True,
594,VG-0595,*Panzer Dragoon Orta,Panzer Dragoon Orta,Panzer Dragoon Orta,SOURCE_LABEL_PENDING_VERIFICATION,Xbox,Xbox,2001.0,43,2000s,,USA preferred when a North American retail release exists,,,,PENDING_COVER_BINARY_ACQUISITION,True,
595,VG-0596,*Psychonauts,Psychonauts,Psychonauts,SOURCE_LABEL_PENDING_VERIFICATION,Xbox,Xbox,2001.0,44,2000s,,USA preferred when a North American retail release exists,,,,PENDING_COVER_BINARY_ACQUISITION,True,
596,VG-0597,*Return To Castle Wolfenstein,Return To Castle Wolfenstein,Return To Castle Wolfenstein,SOURCE_LABEL_PENDING_VERIFICATION,Xbox,Xbox,2001.0,45,2000s,,USA preferred when a North American retail release exists,,,,PENDING_COVER_BINARY_ACQUISITION,True,
597,VG-0598,* Sid Meiers Pirates,Sid Meiers Pirates,Sid Meiers Pirates,SOURCE_LABEL_PENDING_VERIFICATION,Xbox,Xbox,2001.0,46,2000s,,USA preferred when a North American retail release exists,,,,PENDING_COVER_BINARY_ACQUISITION,True,
598,VG-0599,*Splinter Cell: Chaos Theory,Splinter Cell: Chaos Theory,Splinter Cell: Chaos Theory,SOURCE_LABEL_PENDING_VERIFICATION,Xbox,Xbox,2001.0,47,2000s,,USA preferred when a North American retail release exists,,,,PENDING_COVER_BINARY_ACQUISITION,True,
599,VG-0600,*Splinter Cell: Pandora Tomorrow,Splinter Cell: Pandora Tomorrow,Splinter Cell: Pandora Tomorrow,SOURCE_LABEL_PENDING_VERIFICATION,Xbox,Xbox,2001.0,48,2000s,,USA preferred when a North American retail release exists,,,,PENDING_COVER_BINARY_ACQUISITION,True,
600,VG-0601,*Star Wars Jedi Knight: Academy,Star Wars Jedi Knight: Academy,Star Wars Jedi Knight: Academy,SOURCE_LABEL_PENDING_VERIFICATION,Xbox,Xbox,2001.0,49,2000s,,USA preferred when a North American retail release exists,,,,PENDING_COVER_BINARY_ACQUISITION,True,
601,VG-0602,*Star Wars Jedi Knight II: Outcast,Star Wars Jedi Knight II: Outcast,Star Wars Jedi Knight II: Outcast,SOURCE_LABEL_PENDING_VERIFICATION,Xbox,Xbox,2001.0,50,2000s,,USA preferred when a North American retail release exists,,,,PENDING_COVER_BINARY_ACQUISITION,True,
602,VG-0603,*Star Wars Knights Of The Old Republic,Star Wars Knights Of The Old Republic,Star Wars Knights Of The Old Republic,SOURCE_LABEL_PENDING_VERIFICATION,Xbox,Xbox,2001.0,51,2000s,,USA preferred when a North American retail release exists,,,,PENDING_COVER_BINARY_ACQUISITION,True,
603,VG-0604,*Star War Knights Of The Old Republic II,Star War Knights Of The Old Republic II,Star Wars: Knights of the Old Republic II - The Sith Lords,CONSERVATIVE_NORMALIZATION,Xbox,Xbox,2001.0,52,2000s,,USA preferred when a North American retail release exists,,,,PENDING_COVER_BINARY_ACQUISITION,True,
604,VG-0605,*Star Wars Republic Commando,Star Wars Republic Commando,Star Wars Republic Commando,SOURCE_LABEL_PENDING_VERIFICATION,Xbox,Xbox,2001.0,53,2000s,,USA preferred when a North American retail release exists,,,,PENDING_COVER_BINARY_ACQUISITION,True,
605,VG-0606,Star Wars Starfighter,Star Wars Starfighter,Star Wars Starfighter,SOURCE_LABEL_PENDING_VERIFICATION,Xbox,Xbox,2001.0,54,2000s,,USA preferred when a North American retail release exists,,,,PENDING_COVER_BINARY_ACQUISITION,False,
606,VG-0607,*The Thing,The Thing,The Thing,SOURCE_LABEL_PENDING_VERIFICATION,Xbox,Xbox,2001.0,55,2000s,,USA preferred when a North American retail release exists,,,,PENDING_COVER_BINARY_ACQUISITION,True,
607,VG-0608,* The Warriors,The Warriors,The Warriors,SOURCE_LABEL_PENDING_VERIFICATION,Xbox,Xbox,2001.0,56,2000s,,USA preferred when a North American retail release exists,,,,PENDING_COVER_BINARY_ACQUISITION,True,
608,VG-0609,* 007 Everything Or Nothing,007 Everything Or Nothing,007 Everything Or Nothing,SOURCE_LABEL_PENDING_VERIFICATION,Nintendo GameCube,Nintendo GameCube,2001.0,1,2000s,,USA preferred when a North American retail release exists,,,,PENDING_COVER_BINARY_ACQUISITION,True,
609,VG-0610,* Chibi Robo,Chibi Robo,Chibi-Robo!,CONSERVATIVE_NORMALIZATION,Nintendo GameCube,Nintendo GameCube,2001.0,2,2000s,,USA preferred when a North American retail release exists,,,,PENDING_COVER_BINARY_ACQUISITION,True,
610,VG-0611,*Donkey Konga,Donkey Konga,Donkey Konga,SOURCE_LABEL_PENDING_VERIFICATION,Nintendo GameCube,Nintendo GameCube,2001.0,3,2000s,,USA preferred when a North American retail release exists,,,,PENDING_COVER_BINARY_ACQUISITION,True,
611,VG-0612,*Donkey Konga 2,Donkey Konga 2,Donkey Konga 2,SOURCE_LABEL_PENDING_VERIFICATION,Nintendo GameCube,Nintendo GameCube,2001.0,4,2000s,,USA preferred when a North American retail release exists,,,,PENDING_COVER_BINARY_ACQUISITION,True,
612,VG-0613,*Eternal Darkness,Eternal Darkness,Eternal Darkness,SOURCE_LABEL_PENDING_VERIFICATION,Nintendo GameCube,Nintendo GameCube,2001.0,5,2000s,,USA preferred when a North American retail release exists,,,,PENDING_COVER_BINARY_ACQUISITION,True,
613,VG-0614,* F Zero GX,F Zero GX,F-Zero GX,CONSERVATIVE_NORMALIZATION,Nintendo GameCube,Nintendo GameCube,2001.0,6,2000s,,USA preferred when a North American retail release exists,,,,PENDING_COVER_BINARY_ACQUISITION,True,
614,VG-0615,* Kirby Air Ride,Kirby Air Ride,Kirby Air Ride,SOURCE_LABEL_PENDING_VERIFICATION,Nintendo GameCube,Nintendo GameCube,2001.0,7,2000s,,USA preferred when a North American retail release exists,,,,PENDING_COVER_BINARY_ACQUISITION,True,
615,VG-0616,*Looney Tunes Back In Action,Looney Tunes Back In Action,Looney Tunes Back In Action,SOURCE_LABEL_PENDING_VERIFICATION,Nintendo GameCube,Nintendo GameCube,2001.0,8,2000s,,USA preferred when a North American retail release exists,,,,PENDING_COVER_BINARY_ACQUISITION,True,
616,VG-0617,*Legend Of Zelda Four Swordz,Legend Of Zelda Four Swordz,The Legend of Zelda: Four Swords Adventures,CONSERVATIVE_NORMALIZATION,Nintendo GameCube,Nintendo GameCube,2001.0,9,2000s,,USA preferred when a North American retail release exists,,,,PENDING_COVER_BINARY_ACQUISITION,True,
617,VG-0618,*Legend Of Zelda Wind Waker,Legend Of Zelda Wind Waker,The Legend of Zelda: The Wind Waker,CONSERVATIVE_NORMALIZATION,Nintendo GameCube,Nintendo GameCube,2001.0,10,2000s,,USA preferred when a North American retail release exists,,,,PENDING_COVER_BINARY_ACQUISITION,True,
618,VG-0619,* Luigi Mansion,Luigi Mansion,Luigi's Mansion,CONSERVATIVE_NORMALIZATION,Nintendo GameCube,Nintendo GameCube,2001.0,11,2000s,,USA preferred when a North American retail release exists,,,,PENDING_COVER_BINARY_ACQUISITION,True,
619,VG-0620,* Mario Baseball,Mario Baseball,Mario Baseball,SOURCE_LABEL_PENDING_VERIFICATION,Nintendo GameCube,Nintendo GameCube,2001.0,12,2000s,,USA preferred when a North American retail release exists,,,,PENDING_COVER_BINARY_ACQUISITION,True,
620,VG-0621,* Mario Kart Double Dash,Mario Kart Double Dash,Mario Kart: Double Dash!!,CONSERVATIVE_NORMALIZATION,Nintendo GameCube,Nintendo GameCube,2001.0,13,2000s,,USA preferred when a North American retail release exists,,,,PENDING_COVER_BINARY_ACQUISITION,True,
621,VG-0622,* Mario Party 4,Mario Party 4,Mario Party 4,SOURCE_LABEL_PENDING_VERIFICATION,Nintendo GameCube,Nintendo GameCube,2001.0,14,2000s,,USA preferred when a North American retail release exists,,,,PENDING_COVER_BINARY_ACQUISITION,True,
622,VG-0623,* Mario Party 5,Mario Party 5,Mario Party 5,SOURCE_LABEL_PENDING_VERIFICATION,Nintendo GameCube,Nintendo GameCube,2001.0,15,2000s,,USA preferred when a North American retail release exists,,,,PENDING_COVER_BINARY_ACQUISITION,True,
623,VG-0624,* Mario Party 6,Mario Party 6,Mario Party 6,SOURCE_LABEL_PENDING_VERIFICATION,Nintendo GameCube,Nintendo GameCube,2001.0,16,2000s,,USA preferred when a North American retail release exists,,,,PENDING_COVER_BINARY_ACQUISITION,True,
624,VG-0625,* Mario Power Tennis,Mario Power Tennis,Mario Power Tennis,SOURCE_LABEL_PENDING_VERIFICATION,Nintendo GameCube,Nintendo GameCube,2001.0,17,2000s,,USA preferred when a North American retail release exists,,,,PENDING_COVER_BINARY_ACQUISITION,True,
625,VG-0626,* Mario Strikers,Mario Strikers,Mario Strikers,SOURCE_LABEL_PENDING_VERIFICATION,Nintendo GameCube,Nintendo GameCube,2001.0,18,2000s,,USA preferred when a North American retail release exists,,,,PENDING_COVER_BINARY_ACQUISITION,True,
626,VG-0627,*Metal Gear Solid Twin Snakes,Metal Gear Solid Twin Snakes,Metal Gear Solid: The Twin Snakes,CONSERVATIVE_NORMALIZATION,Nintendo GameCube,Nintendo GameCube,2001.0,19,2000s,,USA preferred when a North American retail release exists,,,,PENDING_COVER_BINARY_ACQUISITION,True,
627,VG-0628,* Metroid Prime,Metroid Prime,Metroid Prime,SOURCE_LABEL_PENDING_VERIFICATION,Nintendo GameCube,Nintendo GameCube,2001.0,20,2000s,,USA preferred when a North American retail release exists,,,,PENDING_COVER_BINARY_ACQUISITION,True,
628,VG-0629,* Metroid Prime 2,Metroid Prime 2,Metroid Prime 2,SOURCE_LABEL_PENDING_VERIFICATION,Nintendo GameCube,Nintendo GameCube,2001.0,21,2000s,,USA preferred when a North American retail release exists,,,,PENDING_COVER_BINARY_ACQUISITION,True,
629,VG-0630,*Naruto Clash Of Ninja,Naruto Clash Of Ninja,Naruto Clash Of Ninja,SOURCE_LABEL_PENDING_VERIFICATION,Nintendo GameCube,Nintendo GameCube,2001.0,22,2000s,,USA preferred when a North American retail release exists,,,,PENDING_COVER_BINARY_ACQUISITION,True,
630,VG-0631,*Naruto Clash Of Ninja 2,Naruto Clash Of Ninja 2,Naruto Clash Of Ninja 2,SOURCE_LABEL_PENDING_VERIFICATION,Nintendo GameCube,Nintendo GameCube,2001.0,23,2000s,,USA preferred when a North American retail release exists,,,,PENDING_COVER_BINARY_ACQUISITION,True,
631,VG-0632,* Paper Mario 1000 Year Door,Paper Mario 1000 Year Door,Paper Mario: The Thousand-Year Door,CONSERVATIVE_NORMALIZATION,Nintendo GameCube,Nintendo GameCube,2001.0,24,2000s,,USA preferred when a North American retail release exists,,,,PENDING_COVER_BINARY_ACQUISITION,True,
632,VG-0633,* Pikmin,Pikmin,Pikmin,SOURCE_LABEL_PENDING_VERIFICATION,Nintendo GameCube,Nintendo GameCube,2001.0,25,2000s,,USA preferred when a North American retail release exists,,,,PENDING_COVER_BINARY_ACQUISITION,True,
633,VG-0634,* Pikmin 2,Pikmin 2,Pikmin 2,SOURCE_LABEL_PENDING_VERIFICATION,Nintendo GameCube,Nintendo GameCube,2001.0,26,2000s,,USA preferred when a North American retail release exists,,,,PENDING_COVER_BINARY_ACQUISITION,True,
634,VG-0635,* Pokémon Colosseum,Pokémon Colosseum,Pokémon Colosseum,SOURCE_LABEL_PENDING_VERIFICATION,Nintendo GameCube,Nintendo GameCube,2001.0,27,2000s,,USA preferred when a North American retail release exists,,,,PENDING_COVER_BINARY_ACQUISITION,True,
635,VG-0636,* Pokémon XD,Pokémon XD,Pokémon XD: Gale of Darkness,CONSERVATIVE_NORMALIZATION,Nintendo GameCube,Nintendo GameCube,2001.0,28,2000s,,USA preferred when a North American retail release exists,,,,PENDING_COVER_BINARY_ACQUISITION,True,
636,VG-0637,*Soul Calibur II,Soul Calibur II,Soul Calibur II,SOURCE_LABEL_PENDING_VERIFICATION,Nintendo GameCube,Nintendo GameCube,2001.0,29,2000s,,USA preferred when a North American retail release exists,,,,PENDING_COVER_BINARY_ACQUISITION,True,
637,VG-0638,* Star Fox Adventures,Star Fox Adventures,Star Fox Adventures,SOURCE_LABEL_PENDING_VERIFICATION,Nintendo GameCube,Nintendo GameCube,2001.0,30,2000s,,USA preferred when a North American retail release exists,,,,PENDING_COVER_BINARY_ACQUISITION,True,
638,VG-0639,* Star Fox Assault,Star Fox Assault,Star Fox Assault,SOURCE_LABEL_PENDING_VERIFICATION,Nintendo GameCube,Nintendo GameCube,2001.0,31,2000s,,USA preferred when a North American retail release exists,,,,PENDING_COVER_BINARY_ACQUISITION,True,
639,VG-0640,*Star Wars Rogue Squadron II,Star Wars Rogue Squadron II,Star Wars Rogue Squadron II,SOURCE_LABEL_PENDING_VERIFICATION,Nintendo GameCube,Nintendo GameCube,2001.0,32,2000s,,USA preferred when a North American retail release exists,,,,PENDING_COVER_BINARY_ACQUISITION,True,
640,VG-0641,Star Wars Rogue Squadron III,Star Wars Rogue Squadron III,Star Wars Rogue Squadron III,SOURCE_LABEL_PENDING_VERIFICATION,Nintendo GameCube,Nintendo GameCube,2001.0,33,2000s,,USA preferred when a North American retail release exists,,,,PENDING_COVER_BINARY_ACQUISITION,False,
641,VG-0642,Super Mario Sunshine,Super Mario Sunshine,Super Mario Sunshine,SOURCE_LABEL_PENDING_VERIFICATION,Nintendo GameCube,Nintendo GameCube,2001.0,34,2000s,,USA preferred when a North American retail release exists,,,,PENDING_COVER_BINARY_ACQUISITION,False,
642,VG-0643,* Super Monkey Ball,Super Monkey Ball,Super Monkey Ball,SOURCE_LABEL_PENDING_VERIFICATION,Nintendo GameCube,Nintendo GameCube,2001.0,35,2000s,,USA preferred when a North American retail release exists,,,,PENDING_COVER_BINARY_ACQUISITION,True,
643,VG-0644,* Super Monkey Ball 2,Super Monkey Ball 2,Super Monkey Ball 2,SOURCE_LABEL_PENDING_VERIFICATION,Nintendo GameCube,Nintendo GameCube,2001.0,36,2000s,,USA preferred when a North American retail release exists,,,,PENDING_COVER_BINARY_ACQUISITION,True,
644,VG-0645,Super Smash Bros Melee,Super Smash Bros Melee,Super Smash Bros. Melee,CONSERVATIVE_NORMALIZATION,Nintendo GameCube,Nintendo GameCube,2001.0,37,2000s,,USA preferred when a North American retail release exists,,,,PENDING_COVER_BINARY_ACQUISITION,False,
645,VG-0646,*Tarzan Untamed,Tarzan Untamed,Tarzan Untamed,SOURCE_LABEL_PENDING_VERIFICATION,Nintendo GameCube,Nintendo GameCube,2001.0,38,2000s,,USA preferred when a North American retail release exists,,,,PENDING_COVER_BINARY_ACQUISITION,True,
646,VG-0647,*TMNT 3,TMNT 3,TMNT 3,SOURCE_LABEL_PENDING_VERIFICATION,Nintendo GameCube,Nintendo GameCube,2001.0,39,2000s,,USA preferred when a North American retail release exists,,,,PENDING_COVER_BINARY_ACQUISITION,True,
647,VG-0648,* Teen Titans,Teen Titans,Teen Titans,SOURCE_LABEL_PENDING_VERIFICATION,Nintendo GameCube,Nintendo GameCube,2001.0,40,2000s,,USA preferred when a North American retail release exists,,,,PENDING_COVER_BINARY_ACQUISITION,True,
648,VG-0649,* Timesplitters Future Perfect,Timesplitters Future Perfect,Timesplitters Future Perfect,SOURCE_LABEL_PENDING_VERIFICATION,Nintendo GameCube,Nintendo GameCube,2001.0,41,2000s,,USA preferred when a North American retail release exists,,,,PENDING_COVER_BINARY_ACQUISITION,True,
649,VG-0650,* Twilight Princess,Twilight Princess,The Legend of Zelda: Twilight Princess,CONSERVATIVE_NORMALIZATION,Nintendo GameCube,Nintendo GameCube,2001.0,42,2000s,,USA preferred when a North American retail release exists,,,,PENDING_COVER_BINARY_ACQUISITION,True,
650,VG-0651,* Ultimate Spider-Man,Ultimate Spider-Man,Ultimate Spider-Man,SOURCE_LABEL_PENDING_VERIFICATION,Nintendo GameCube,Nintendo GameCube,2001.0,43,2000s,,USA preferred when a North American retail release exists,,,,PENDING_COVER_BINARY_ACQUISITION,True,
651,VG-0652,*Ultimate Muscle,Ultimate Muscle,Ultimate Muscle,SOURCE_LABEL_PENDING_VERIFICATION,Nintendo GameCube,Nintendo GameCube,2001.0,44,2000s,,USA preferred when a North American retail release exists,,,,PENDING_COVER_BINARY_ACQUISITION,True,
652,VG-0653,* Viewtiful Joe,Viewtiful Joe,Viewtiful Joe,SOURCE_LABEL_PENDING_VERIFICATION,Nintendo GameCube,Nintendo GameCube,2001.0,45,2000s,,USA preferred when a North American retail release exists,,,,PENDING_COVER_BINARY_ACQUISITION,True,
653,VG-0654,* Viewtiful Joe 2,Viewtiful Joe 2,Viewtiful Joe 2,SOURCE_LABEL_PENDING_VERIFICATION,Nintendo GameCube,Nintendo GameCube,2001.0,46,2000s,,USA preferred when a North American retail release exists,,,,PENDING_COVER_BINARY_ACQUISITION,True,
654,VG-0655,*Wario World,Wario World,Wario World,SOURCE_LABEL_PENDING_VERIFICATION,Nintendo GameCube,Nintendo GameCube,2001.0,47,2000s,,USA preferred when a North American retail release exists,,,,PENDING_COVER_BINARY_ACQUISITION,True,
655,VG-0656,*Wrestlemania X8,Wrestlemania X8,Wrestlemania X8,SOURCE_LABEL_PENDING_VERIFICATION,Nintendo GameCube,Nintendo GameCube,2001.0,48,2000s,,USA preferred when a North American retail release exists,,,,PENDING_COVER_BINARY_ACQUISITION,True,
656,VG-0657,*Wrestlemania XIX,Wrestlemania XIX,Wrestlemania XIX,SOURCE_LABEL_PENDING_VERIFICATION,Nintendo GameCube,Nintendo GameCube,2001.0,49,2000s,,USA preferred when a North American retail release exists,,,,PENDING_COVER_BINARY_ACQUISITION,True,
657,VG-0658,*WWE Day Of Reckoning,WWE Day Of Reckoning,WWE Day Of Reckoning,SOURCE_LABEL_PENDING_VERIFICATION,Nintendo GameCube,Nintendo GameCube,2001.0,50,2000s,,USA preferred when a North American retail release exists,,,,PENDING_COVER_BINARY_ACQUISITION,True,
658,VG-0659,* WWE Day Of Reckoning 2,WWE Day Of Reckoning 2,WWE Day Of Reckoning 2,SOURCE_LABEL_PENDING_VERIFICATION,Nintendo GameCube,Nintendo GameCube,2001.0,51,2000s,,USA preferred when a North American retail release exists,,,,PENDING_COVER_BINARY_ACQUISITION,True,
659,VG-0660,*Bejeweled Twist,Bejeweled Twist,Bejeweled Twist,SOURCE_LABEL_PENDING_VERIFICATION,Nintendo DS,Nintendo DS,2004.0,1,2000s,,USA preferred when a North American retail release exists,,,,PENDING_COVER_BINARY_ACQUISITION,True,
660,VG-0661,*Bowsers Inside Story,Bowsers Inside Story,Mario & Luigi: Bowser's Inside Story,CONSERVATIVE_NORMALIZATION,Nintendo DS,Nintendo DS,2004.0,2,2000s,,USA preferred when a North American retail release exists,,,,PENDING_COVER_BINARY_ACQUISITION,True,
661,VG-0662,* Contra 4,Contra 4,Contra 4,SOURCE_LABEL_PENDING_VERIFICATION,Nintendo DS,Nintendo DS,2004.0,3,2000s,,USA preferred when a North American retail release exists,,,,PENDING_COVER_BINARY_ACQUISITION,True,
662,VG-0663,* Dragonquest IX,Dragonquest IX,Dragon Quest IX: Sentinels of the Starry Skies,CONSERVATIVE_NORMALIZATION,Nintendo DS,Nintendo DS,2004.0,4,2000s,,USA preferred when a North American retail release exists,,,,PENDING_COVER_BINARY_ACQUISITION,True,
663,VG-0664,*Kingdom Hearts 358 ½ days,Kingdom Hearts 358 ½ days,Kingdom Hearts 358/2 Days,CONSERVATIVE_NORMALIZATION,Nintendo DS,Nintendo DS,2004.0,5,2000s,,USA preferred when a North American retail release exists,,,,PENDING_COVER_BINARY_ACQUISITION,True,
664,VG-0665,* Kirby Mass Attack,Kirby Mass Attack,Kirby Mass Attack,SOURCE_LABEL_PENDING_VERIFICATION,Nintendo DS,Nintendo DS,2004.0,6,2000s,,USA preferred when a North American retail release exists,,,,PENDING_COVER_BINARY_ACQUISITION,True,
665,VG-0666,* Kirby Squeak Squad,Kirby Squeak Squad,Kirby Squeak Squad,SOURCE_LABEL_PENDING_VERIFICATION,Nintendo DS,Nintendo DS,2004.0,7,2000s,,USA preferred when a North American retail release exists,,,,PENDING_COVER_BINARY_ACQUISITION,True,
666,VG-0667,* Kirby Superstar Ultra,Kirby Superstar Ultra,Kirby Superstar Ultra,SOURCE_LABEL_PENDING_VERIFICATION,Nintendo DS,Nintendo DS,2004.0,8,2000s,,USA preferred when a North American retail release exists,,,,PENDING_COVER_BINARY_ACQUISITION,True,
667,VG-0668,Looney Tunes Cartoon Conductor,Looney Tunes Cartoon Conductor,Looney Tunes Cartoon Conductor,SOURCE_LABEL_PENDING_VERIFICATION,Nintendo DS,Nintendo DS,2004.0,9,2000s,,USA preferred when a North American retail release exists,,,,PENDING_COVER_BINARY_ACQUISITION,False,
668,VG-0669,Looney Tunes Duck Amuck,Looney Tunes Duck Amuck,Looney Tunes Duck Amuck,SOURCE_LABEL_PENDING_VERIFICATION,Nintendo DS,Nintendo DS,2004.0,10,2000s,,USA preferred when a North American retail release exists,,,,PENDING_COVER_BINARY_ACQUISITION,False,
669,VG-0670,* New Super Mario Bros,New Super Mario Bros,New Super Mario Bros,SOURCE_LABEL_PENDING_VERIFICATION,Nintendo DS,Nintendo DS,2004.0,11,2000s,,USA preferred when a North American retail release exists,,,,PENDING_COVER_BINARY_ACQUISITION,True,
670,VG-0671,* Partners In Time,Partners In Time,Mario & Luigi: Partners in Time,CONSERVATIVE_NORMALIZATION,Nintendo DS,Nintendo DS,2004.0,12,2000s,,USA preferred when a North American retail release exists,,,,PENDING_COVER_BINARY_ACQUISITION,True,
671,VG-0672,* Phantom Hourglass,Phantom Hourglass,The Legend of Zelda: Phantom Hourglass,CONSERVATIVE_NORMALIZATION,Nintendo DS,Nintendo DS,2004.0,13,2000s,,USA preferred when a North American retail release exists,,,,PENDING_COVER_BINARY_ACQUISITION,True,
672,VG-0673,* Prime Hunters,Prime Hunters,Metroid Prime Hunters,CONSERVATIVE_NORMALIZATION,Nintendo DS,Nintendo DS,2004.0,14,2000s,,USA preferred when a North American retail release exists,,,,PENDING_COVER_BINARY_ACQUISITION,True,
673,VG-0674,* Sonic Rush,Sonic Rush,Sonic Rush,SOURCE_LABEL_PENDING_VERIFICATION,Nintendo DS,Nintendo DS,2004.0,15,2000s,,USA preferred when a North American retail release exists,,,,PENDING_COVER_BINARY_ACQUISITION,True,
674,VG-0675,* Spirit Tracks,Spirit Tracks,The Legend of Zelda: Spirit Tracks,CONSERVATIVE_NORMALIZATION,Nintendo DS,Nintendo DS,2004.0,16,2000s,,USA preferred when a North American retail release exists,,,,PENDING_COVER_BINARY_ACQUISITION,True,
675,VG-0676,*Tetris,Tetris,Tetris,SOURCE_LABEL_PENDING_VERIFICATION,Nintendo DS,Nintendo DS,2004.0,17,2000s,,USA preferred when a North American retail release exists,,,,PENDING_COVER_BINARY_ACQUISITION,True,
676,VG-0677,*Wario Ware Touched,Wario Ware Touched,Wario Ware Touched,SOURCE_LABEL_PENDING_VERIFICATION,Nintendo DS,Nintendo DS,2004.0,18,2000s,,USA preferred when a North American retail release exists,,,,PENDING_COVER_BINARY_ACQUISITION,True,
677,VG-0678,*The World Ends With You,The World Ends With You,The World Ends With You,SOURCE_LABEL_PENDING_VERIFICATION,Nintendo DS,Nintendo DS,2004.0,19,2000s,,USA preferred when a North American retail release exists,,,,PENDING_COVER_BINARY_ACQUISITION,True,
678,VG-0679,* Birth By Sleep,Birth By Sleep,Kingdom Hearts Birth by Sleep,CONSERVATIVE_NORMALIZATION,PlayStation Portable,PlayStation Portable,2005.0,1,2000s,,USA preferred when a North American retail release exists,,,,PENDING_COVER_BINARY_ACQUISITION,True,
679,VG-0680,* Castlevania Dracula,Castlevania Dracula,Castlevania: The Dracula X Chronicles,CONSERVATIVE_NORMALIZATION,PlayStation Portable,PlayStation Portable,2005.0,2,2000s,,USA preferred when a North American retail release exists,,,,PENDING_COVER_BINARY_ACQUISITION,True,
680,VG-0681,* Chinatown Wars,Chinatown Wars,Grand Theft Auto: Chinatown Wars,CONSERVATIVE_NORMALIZATION,PlayStation Portable,PlayStation Portable,2005.0,3,2000s,,USA preferred when a North American retail release exists,,,,PENDING_COVER_BINARY_ACQUISITION,True,
681,VG-0682,* Daxter,Daxter,Daxter,SOURCE_LABEL_PENDING_VERIFICATION,PlayStation Portable,PlayStation Portable,2005.0,4,2000s,,USA preferred when a North American retail release exists,,,,PENDING_COVER_BINARY_ACQUISITION,True,
682,VG-0683,*Dissidia 012 Final Fantasy,Dissidia 012 Final Fantasy,Dissidia 012 Final Fantasy,SOURCE_LABEL_PENDING_VERIFICATION,PlayStation Portable,PlayStation Portable,2005.0,5,2000s,,USA preferred when a North American retail release exists,,,,PENDING_COVER_BINARY_ACQUISITION,True,
683,VG-0684,*Dragon Ball Shin Budokai,Dragon Ball Shin Budokai,Dragon Ball Shin Budokai,SOURCE_LABEL_PENDING_VERIFICATION,PlayStation Portable,PlayStation Portable,2005.0,6,2000s,,USA preferred when a North American retail release exists,,,,PENDING_COVER_BINARY_ACQUISITION,True,
684,VG-0685,* GOW Chains Of Olympus,GOW Chains Of Olympus,God of War: Chains of Olympus,CONSERVATIVE_NORMALIZATION,PlayStation Portable,PlayStation Portable,2005.0,7,2000s,,USA preferred when a North American retail release exists,,,,PENDING_COVER_BINARY_ACQUISITION,True,
685,VG-0686,* GOW God Of Sparta,GOW God Of Sparta,God of War: Ghost of Sparta,CONSERVATIVE_NORMALIZATION,PlayStation Portable,PlayStation Portable,2005.0,8,2000s,,USA preferred when a North American retail release exists,,,,PENDING_COVER_BINARY_ACQUISITION,True,
686,VG-0687,* Katamari Damacy,Katamari Damacy,Katamari Damacy,SOURCE_LABEL_PENDING_VERIFICATION,PlayStation Portable,PlayStation Portable,2005.0,9,2000s,,USA preferred when a North American retail release exists,,,,PENDING_COVER_BINARY_ACQUISITION,True,
687,VG-0688,* Liberty City Stories,Liberty City Stories,Liberty City Stories,SOURCE_LABEL_PENDING_VERIFICATION,PlayStation Portable,PlayStation Portable,2005.0,10,2000s,,USA preferred when a North American retail release exists,,,,PENDING_COVER_BINARY_ACQUISITION,True,
688,VG-0689,*Metal Gear Acid 2,Metal Gear Acid 2,Metal Gear Acid 2,SOURCE_LABEL_PENDING_VERIFICATION,PlayStation Portable,PlayStation Portable,2005.0,11,2000s,,USA preferred when a North American retail release exists,,,,PENDING_COVER_BINARY_ACQUISITION,True,
689,VG-0690,*Metal Gear Solid Peace Maker,Metal Gear Solid Peace Maker,Metal Gear Solid: Peace Walker,CONSERVATIVE_NORMALIZATION,PlayStation Portable,PlayStation Portable,2005.0,12,2000s,,USA preferred when a North American retail release exists,,,,PENDING_COVER_BINARY_ACQUISITION,True,
690,VG-0691,* Midnight Club 3,Midnight Club 3,Midnight Club 3,SOURCE_LABEL_PENDING_VERIFICATION,PlayStation Portable,PlayStation Portable,2005.0,13,2000s,,USA preferred when a North American retail release exists,,,,PENDING_COVER_BINARY_ACQUISITION,True,
691,VG-0692,* Monster Hunter Portable,Monster Hunter Portable,Monster Hunter Portable,SOURCE_LABEL_PENDING_VERIFICATION,PlayStation Portable,PlayStation Portable,2005.0,14,2000s,,USA preferred when a North American retail release exists,,,,PENDING_COVER_BINARY_ACQUISITION,True,
692,VG-0693,*NBA 07,NBA 07,NBA 07,SOURCE_LABEL_PENDING_VERIFICATION,PlayStation Portable,PlayStation Portable,2005.0,15,2000s,,USA preferred when a North American retail release exists,,,,PENDING_COVER_BINARY_ACQUISITION,True,
693,VG-0694,*NBA Inside 09,NBA Inside 09,NBA Inside 09,SOURCE_LABEL_PENDING_VERIFICATION,PlayStation Portable,PlayStation Portable,2005.0,16,2000s,,USA preferred when a North American retail release exists,,,,PENDING_COVER_BINARY_ACQUISITION,True,
694,VG-0695,*Outrun 2006,Outrun 2006,Outrun 2006,SOURCE_LABEL_PENDING_VERIFICATION,PlayStation Portable,PlayStation Portable,2005.0,17,2000s,,USA preferred when a North American retail release exists,,,,PENDING_COVER_BINARY_ACQUISITION,True,
695,VG-0696,* Persona 3,Persona 3,Persona 3,SOURCE_LABEL_PENDING_VERIFICATION,PlayStation Portable,PlayStation Portable,2005.0,18,2000s,,USA preferred when a North American retail release exists,,,,PENDING_COVER_BINARY_ACQUISITION,True,
696,VG-0697,* Pop n Music,Pop n Music,Pop n Music,SOURCE_LABEL_PENDING_VERIFICATION,PlayStation Portable,PlayStation Portable,2005.0,19,2000s,,USA preferred when a North American retail release exists,,,,PENDING_COVER_BINARY_ACQUISITION,True,
697,VG-0698,*Secret Agent Clank,Secret Agent Clank,Secret Agent Clank,SOURCE_LABEL_PENDING_VERIFICATION,PlayStation Portable,PlayStation Portable,2005.0,20,2000s,,USA preferred when a North American retail release exists,,,,PENDING_COVER_BINARY_ACQUISITION,True,
698,VG-0699,* Shin Megami,Shin Megami,Shin Megami,SOURCE_LABEL_PENDING_VERIFICATION,PlayStation Portable,PlayStation Portable,2005.0,21,2000s,,USA preferred when a North American retail release exists,,,,PENDING_COVER_BINARY_ACQUISITION,True,
699,VG-0700,* Tekken Dark Resurrection,Tekken Dark Resurrection,Tekken: Dark Resurrection,CONSERVATIVE_NORMALIZATION,PlayStation Portable,PlayStation Portable,2005.0,22,2000s,,USA preferred when a North American retail release exists,,,,PENDING_COVER_BINARY_ACQUISITION,True,
700,VG-0701,* Tetris,Tetris,Tetris,SOURCE_LABEL_PENDING_VERIFICATION,PlayStation Portable,PlayStation Portable,2005.0,23,2000s,,USA preferred when a North American retail release exists,,,,PENDING_COVER_BINARY_ACQUISITION,True,
701,VG-0702,*50 Cent Blood On The Sand,50 Cent Blood On The Sand,50 Cent Blood On The Sand,SOURCE_LABEL_PENDING_VERIFICATION,Xbox 360,Xbox 360,2005.0,1,2000s,,USA preferred when a North American retail release exists,,,,PENDING_COVER_BINARY_ACQUISITION,True,
702,VG-0703,*Assassins Creed II,Assassins Creed II,Assassins Creed II,SOURCE_LABEL_PENDING_VERIFICATION,Xbox 360,Xbox 360,2005.0,2,2000s,,USA preferred when a North American retail release exists,,,,PENDING_COVER_BINARY_ACQUISITION,True,
703,VG-0704,*Assassins Creed Brotherhood,Assassins Creed Brotherhood,Assassins Creed Brotherhood,SOURCE_LABEL_PENDING_VERIFICATION,Xbox 360,Xbox 360,2005.0,3,2000s,,USA preferred when a North American retail release exists,,,,PENDING_COVER_BINARY_ACQUISITION,True,
704,VG-0705,*Bioshock,Bioshock,Bioshock,SOURCE_LABEL_PENDING_VERIFICATION,Xbox 360,Xbox 360,2005.0,4,2000s,,USA preferred when a North American retail release exists,,,,PENDING_COVER_BINARY_ACQUISITION,True,
705,VG-0706,*Bioshock 2,Bioshock 2,Bioshock 2,SOURCE_LABEL_PENDING_VERIFICATION,Xbox 360,Xbox 360,2005.0,5,2000s,,USA preferred when a North American retail release exists,,,,PENDING_COVER_BINARY_ACQUISITION,True,
706,VG-0707,*Black Ops,Black Ops,Call of Duty: Black Ops,CONSERVATIVE_NORMALIZATION,Xbox 360,Xbox 360,2005.0,6,2000s,,USA preferred when a North American retail release exists,,,,PENDING_COVER_BINARY_ACQUISITION,True,
707,VG-0708,*Blacks Ops II,Blacks Ops II,Call of Duty: Black Ops II,CONSERVATIVE_NORMALIZATION,Xbox 360,Xbox 360,2005.0,7,2000s,,USA preferred when a North American retail release exists,,,,PENDING_COVER_BINARY_ACQUISITION,True,
708,VG-0709,*Borderlands,Borderlands,Borderlands,SOURCE_LABEL_PENDING_VERIFICATION,Xbox 360,Xbox 360,2005.0,8,2000s,,USA preferred when a North American retail release exists,,,,PENDING_COVER_BINARY_ACQUISITION,True,
709,VG-0710,*Borderlands II,Borderlands II,Borderlands II,SOURCE_LABEL_PENDING_VERIFICATION,Xbox 360,Xbox 360,2005.0,9,2000s,,USA preferred when a North American retail release exists,,,,PENDING_COVER_BINARY_ACQUISITION,True,
710,VG-0711,*Castle Crashers,Castle Crashers,Castle Crashers,SOURCE_LABEL_PENDING_VERIFICATION,Xbox 360,Xbox 360,2005.0,10,2000s,,USA preferred when a North American retail release exists,,,,PENDING_COVER_BINARY_ACQUISITION,True,
711,VG-0712,Civilization Revolution (OD),Civilization Revolution (OD),Civilization Revolution,SOURCE_LABEL_PENDING_VERIFICATION,Xbox 360,Xbox 360,2005.0,11,2000s,,USA preferred when a North American retail release exists,,,,PENDING_COVER_BINARY_ACQUISITION,False,Source note: OD
712,VG-0713,*Dead Rising,Dead Rising,Dead Rising,SOURCE_LABEL_PENDING_VERIFICATION,Xbox 360,Xbox 360,2005.0,12,2000s,,USA preferred when a North American retail release exists,,,,PENDING_COVER_BINARY_ACQUISITION,True,
713,VG-0714,*Dead Rising 2 (OD),Dead Rising 2 (OD),Dead Rising 2,SOURCE_LABEL_PENDING_VERIFICATION,Xbox 360,Xbox 360,2005.0,13,2000s,,USA preferred when a North American retail release exists,,,,PENDING_COVER_BINARY_ACQUISITION,True,Source note: OD
714,VG-0715,*Dead Space,Dead Space,Dead Space,SOURCE_LABEL_PENDING_VERIFICATION,Xbox 360,Xbox 360,2005.0,14,2000s,,USA preferred when a North American retail release exists,,,,PENDING_COVER_BINARY_ACQUISITION,True,
715,VG-0716,*Dead Space 2,Dead Space 2,Dead Space 2,SOURCE_LABEL_PENDING_VERIFICATION,Xbox 360,Xbox 360,2005.0,15,2000s,,USA preferred when a North American retail release exists,,,,PENDING_COVER_BINARY_ACQUISITION,True,
716,VG-0717,*Diablo III,Diablo III,Diablo III,SOURCE_LABEL_PENDING_VERIFICATION,Xbox 360,Xbox 360,2005.0,16,2000s,,USA preferred when a North American retail release exists,,,,PENDING_COVER_BINARY_ACQUISITION,True,
717,VG-0718,*Fable II,Fable II,Fable II,SOURCE_LABEL_PENDING_VERIFICATION,Xbox 360,Xbox 360,2005.0,17,2000s,,USA preferred when a North American retail release exists,,,,PENDING_COVER_BINARY_ACQUISITION,True,
718,VG-0719,*Fallout 3,Fallout 3,Fallout 3,SOURCE_LABEL_PENDING_VERIFICATION,Xbox 360,Xbox 360,2005.0,18,2000s,,USA preferred when a North American retail release exists,,,,PENDING_COVER_BINARY_ACQUISITION,True,
719,VG-0720,*Fallout New Vegas,Fallout New Vegas,Fallout: New Vegas,CONSERVATIVE_NORMALIZATION,Xbox 360,Xbox 360,2005.0,19,2000s,,USA preferred when a North American retail release exists,,,,PENDING_COVER_BINARY_ACQUISITION,True,
720,VG-0721,*Fusion Frenzy 2,Fusion Frenzy 2,Fusion Frenzy 2,SOURCE_LABEL_PENDING_VERIFICATION,Xbox 360,Xbox 360,2005.0,20,2000s,,USA preferred when a North American retail release exists,,,,PENDING_COVER_BINARY_ACQUISITION,True,
721,VG-0722,*Half Life 2/Orange Box,Half Life 2/Orange Box,Half Life 2/Orange Box,SOURCE_LABEL_PENDING_VERIFICATION,Xbox 360,Xbox 360,2005.0,21,2000s,,USA preferred when a North American retail release exists,,,,PENDING_COVER_BINARY_ACQUISITION,True,
722,VG-0723,*Halo 3 (OD),Halo 3 (OD),Halo 3,SOURCE_LABEL_PENDING_VERIFICATION,Xbox 360,Xbox 360,2005.0,22,2000s,,USA preferred when a North American retail release exists,,,,PENDING_COVER_BINARY_ACQUISITION,True,Source note: OD
723,VG-0724,*Halo ODST,Halo ODST,Halo ODST,SOURCE_LABEL_PENDING_VERIFICATION,Xbox 360,Xbox 360,2005.0,23,2000s,,USA preferred when a North American retail release exists,,,,PENDING_COVER_BINARY_ACQUISITION,True,
724,VG-0725,*Gears Of War,Gears Of War,Gears Of War,SOURCE_LABEL_PENDING_VERIFICATION,Xbox 360,Xbox 360,2005.0,24,2000s,,USA preferred when a North American retail release exists,,,,PENDING_COVER_BINARY_ACQUISITION,True,
725,VG-0726,*Gears Of War 2,Gears Of War 2,Gears Of War 2,SOURCE_LABEL_PENDING_VERIFICATION,Xbox 360,Xbox 360,2005.0,25,2000s,,USA preferred when a North American retail release exists,,,,PENDING_COVER_BINARY_ACQUISITION,True,
726,VG-0727,*Gears Of War 3,Gears Of War 3,Gears Of War 3,SOURCE_LABEL_PENDING_VERIFICATION,Xbox 360,Xbox 360,2005.0,26,2000s,,USA preferred when a North American retail release exists,,,,PENDING_COVER_BINARY_ACQUISITION,True,
727,VG-0728,*Geometry Wars,Geometry Wars,Geometry Wars,SOURCE_LABEL_PENDING_VERIFICATION,Xbox 360,Xbox 360,2005.0,27,2000s,,USA preferred when a North American retail release exists,,,,PENDING_COVER_BINARY_ACQUISITION,True,
728,VG-0729,*GTA IV,GTA IV,Grand Theft Auto IV,CONSERVATIVE_NORMALIZATION,Xbox 360,Xbox 360,2005.0,28,2000s,,USA preferred when a North American retail release exists,,,,PENDING_COVER_BINARY_ACQUISITION,True,
729,VG-0730,*Kameo,Kameo,Kameo,SOURCE_LABEL_PENDING_VERIFICATION,Xbox 360,Xbox 360,2005.0,29,2000s,,USA preferred when a North American retail release exists,,,,PENDING_COVER_BINARY_ACQUISITION,True,
730,VG-0731,*Kane & Lynch,Kane & Lynch,Kane & Lynch,SOURCE_LABEL_PENDING_VERIFICATION,Xbox 360,Xbox 360,2005.0,30,2000s,,USA preferred when a North American retail release exists,,,,PENDING_COVER_BINARY_ACQUISITION,True,
731,VG-0732,*Kane & Lynch 2,Kane & Lynch 2,Kane & Lynch 2,SOURCE_LABEL_PENDING_VERIFICATION,Xbox 360,Xbox 360,2005.0,31,2000s,,USA preferred when a North American retail release exists,,,,PENDING_COVER_BINARY_ACQUISITION,True,
732,VG-0733,*Left 4 Dead,Left 4 Dead,Left 4 Dead,SOURCE_LABEL_PENDING_VERIFICATION,Xbox 360,Xbox 360,2005.0,32,2000s,,USA preferred when a North American retail release exists,,,,PENDING_COVER_BINARY_ACQUISITION,True,
733,VG-0734,*Left 4 Dead 2,Left 4 Dead 2,Left 4 Dead 2,SOURCE_LABEL_PENDING_VERIFICATION,Xbox 360,Xbox 360,2005.0,33,2000s,,USA preferred when a North American retail release exists,,,,PENDING_COVER_BINARY_ACQUISITION,True,
734,VG-0735,*Lost Odyssey,Lost Odyssey,Lost Odyssey,SOURCE_LABEL_PENDING_VERIFICATION,Xbox 360,Xbox 360,2005.0,34,2000s,,USA preferred when a North American retail release exists,,,,PENDING_COVER_BINARY_ACQUISITION,True,
735,VG-0736,Lost Planet,Lost Planet,Lost Planet,SOURCE_LABEL_PENDING_VERIFICATION,Xbox 360,Xbox 360,2005.0,35,2000s,,USA preferred when a North American retail release exists,,,,PENDING_COVER_BINARY_ACQUISITION,False,
736,VG-0737,Lost Planet 2,Lost Planet 2,Lost Planet 2,SOURCE_LABEL_PENDING_VERIFICATION,Xbox 360,Xbox 360,2005.0,36,2000s,,USA preferred when a North American retail release exists,,,,PENDING_COVER_BINARY_ACQUISITION,False,
737,VG-0738,Lost Planer 3,Lost Planer 3,Lost Planer 3,SOURCE_LABEL_PENDING_VERIFICATION,Xbox 360,Xbox 360,2005.0,37,2000s,,USA preferred when a North American retail release exists,,,,PENDING_COVER_BINARY_ACQUISITION,False,
738,VG-0739,*Mafia,Mafia,Mafia,SOURCE_LABEL_PENDING_VERIFICATION,Xbox 360,Xbox 360,2005.0,38,2000s,,USA preferred when a North American retail release exists,,,,PENDING_COVER_BINARY_ACQUISITION,True,
739,VG-0740,*Mafia II,Mafia II,Mafia II,SOURCE_LABEL_PENDING_VERIFICATION,Xbox 360,Xbox 360,2005.0,39,2000s,,USA preferred when a North American retail release exists,,,,PENDING_COVER_BINARY_ACQUISITION,True,
740,VG-0741,*Marvel Vs Capcom 3,Marvel Vs Capcom 3,Marvel Vs Capcom 3,SOURCE_LABEL_PENDING_VERIFICATION,Xbox 360,Xbox 360,2005.0,40,2000s,,USA preferred when a North American retail release exists,,,,PENDING_COVER_BINARY_ACQUISITION,True,
741,VG-0742,*Mass Effect 1,Mass Effect 1,Mass Effect,CONSERVATIVE_NORMALIZATION,Xbox 360,Xbox 360,2005.0,41,2000s,,USA preferred when a North American retail release exists,,,,PENDING_COVER_BINARY_ACQUISITION,True,
742,VG-0743,*Mass Effect 2,Mass Effect 2,Mass Effect 2,SOURCE_LABEL_PENDING_VERIFICATION,Xbox 360,Xbox 360,2005.0,42,2000s,,USA preferred when a North American retail release exists,,,,PENDING_COVER_BINARY_ACQUISITION,True,
743,VG-0744,*Mass Effect 3,Mass Effect 3,Mass Effect 3,SOURCE_LABEL_PENDING_VERIFICATION,Xbox 360,Xbox 360,2005.0,43,2000s,,USA preferred when a North American retail release exists,,,,PENDING_COVER_BINARY_ACQUISITION,True,
744,VG-0745,*Mirrors Edge,Mirrors Edge,Mirrors Edge,SOURCE_LABEL_PENDING_VERIFICATION,Xbox 360,Xbox 360,2005.0,44,2000s,,USA preferred when a North American retail release exists,,,,PENDING_COVER_BINARY_ACQUISITION,True,
745,VG-0746,*Modern Warfare,Modern Warfare,Call of Duty 4: Modern Warfare,CONSERVATIVE_NORMALIZATION,Xbox 360,Xbox 360,2005.0,45,2000s,,USA preferred when a North American retail release exists,,,,PENDING_COVER_BINARY_ACQUISITION,True,
746,VG-0747,*Modern Warfare 2,Modern Warfare 2,Call of Duty: Modern Warfare 2,CONSERVATIVE_NORMALIZATION,Xbox 360,Xbox 360,2005.0,46,2000s,,USA preferred when a North American retail release exists,,,,PENDING_COVER_BINARY_ACQUISITION,True,
747,VG-0748,*Modern Warfare 3,Modern Warfare 3,Call of Duty: Modern Warfare 3,CONSERVATIVE_NORMALIZATION,Xbox 360,Xbox 360,2005.0,47,2000s,,USA preferred when a North American retail release exists,,,,PENDING_COVER_BINARY_ACQUISITION,True,
748,VG-0749,*Naruto Rise Of A Ninja,Naruto Rise Of A Ninja,Naruto Rise Of A Ninja,SOURCE_LABEL_PENDING_VERIFICATION,Xbox 360,Xbox 360,2005.0,48,2000s,,USA preferred when a North American retail release exists,,,,PENDING_COVER_BINARY_ACQUISITION,True,
749,VG-0750,*Naruto The Broken Bond,Naruto The Broken Bond,Naruto The Broken Bond,SOURCE_LABEL_PENDING_VERIFICATION,Xbox 360,Xbox 360,2005.0,49,2000s,,USA preferred when a North American retail release exists,,,,PENDING_COVER_BINARY_ACQUISITION,True,
750,VG-0751,*Ninja Gaiden 2,Ninja Gaiden 2,Ninja Gaiden 2,SOURCE_LABEL_PENDING_VERIFICATION,Xbox 360,Xbox 360,2005.0,50,2000s,,USA preferred when a North American retail release exists,,,,PENDING_COVER_BINARY_ACQUISITION,True,
751,VG-0752,*Oblivion,Oblivion,Oblivion,SOURCE_LABEL_PENDING_VERIFICATION,Xbox 360,Xbox 360,2005.0,51,2000s,,USA preferred when a North American retail release exists,,,,PENDING_COVER_BINARY_ACQUISITION,True,
752,VG-0753,*Red Dead Redemption,Red Dead Redemption,Red Dead Redemption,SOURCE_LABEL_PENDING_VERIFICATION,Xbox 360,Xbox 360,2005.0,52,2000s,,USA preferred when a North American retail release exists,,,,PENDING_COVER_BINARY_ACQUISITION,True,
753,VG-0754,*Saints Row,Saints Row,Saints Row,SOURCE_LABEL_PENDING_VERIFICATION,Xbox 360,Xbox 360,2005.0,53,2000s,,USA preferred when a North American retail release exists,,,,PENDING_COVER_BINARY_ACQUISITION,True,
754,VG-0755,*Saints Row 3,Saints Row 3,Saints Row 3,SOURCE_LABEL_PENDING_VERIFICATION,Xbox 360,Xbox 360,2005.0,54,2000s,,USA preferred when a North American retail release exists,,,,PENDING_COVER_BINARY_ACQUISITION,True,
755,VG-0756,*Skate,Skate,Skate,SOURCE_LABEL_PENDING_VERIFICATION,Xbox 360,Xbox 360,2005.0,55,2000s,,USA preferred when a North American retail release exists,,,,PENDING_COVER_BINARY_ACQUISITION,True,
756,VG-0757,*Skate 2,Skate 2,Skate 2,SOURCE_LABEL_PENDING_VERIFICATION,Xbox 360,Xbox 360,2005.0,56,2000s,,USA preferred when a North American retail release exists,,,,PENDING_COVER_BINARY_ACQUISITION,True,
757,VG-0758,*Skate 3,Skate 3,Skate 3,SOURCE_LABEL_PENDING_VERIFICATION,Xbox 360,Xbox 360,2005.0,57,2000s,,USA preferred when a North American retail release exists,,,,PENDING_COVER_BINARY_ACQUISITION,True,
758,VG-0759,Stranglehold,Stranglehold,Stranglehold,SOURCE_LABEL_PENDING_VERIFICATION,Xbox 360,Xbox 360,2005.0,58,2000s,,USA preferred when a North American retail release exists,,,,PENDING_COVER_BINARY_ACQUISITION,False,
759,VG-0760,*Street Fighter IV (OD),Street Fighter IV (OD),Street Fighter IV,SOURCE_LABEL_PENDING_VERIFICATION,Xbox 360,Xbox 360,2005.0,59,2000s,,USA preferred when a North American retail release exists,,,,PENDING_COVER_BINARY_ACQUISITION,True,Source note: OD
760,VG-0761,*Tom Clancy Rainbow Six Vegas,Tom Clancy Rainbow Six Vegas,Tom Clancy's Rainbow Six: Vegas,CONSERVATIVE_NORMALIZATION,Xbox 360,Xbox 360,2005.0,60,2000s,,USA preferred when a North American retail release exists,,,,PENDING_COVER_BINARY_ACQUISITION,True,
761,VG-0762,*Viva Pinata,Viva Pinata,Viva Pinata,SOURCE_LABEL_PENDING_VERIFICATION,Xbox 360,Xbox 360,2005.0,61,2000s,,USA preferred when a North American retail release exists,,,,PENDING_COVER_BINARY_ACQUISITION,True,
762,VG-0763,*Wolfenstein,Wolfenstein,Wolfenstein,SOURCE_LABEL_PENDING_VERIFICATION,Xbox 360,Xbox 360,2005.0,62,2000s,,USA preferred when a North American retail release exists,,,,PENDING_COVER_BINARY_ACQUISITION,True,
763,VG-0764,*World At War,World At War,Call of Duty: World at War,CONSERVATIVE_NORMALIZATION,Xbox 360,Xbox 360,2005.0,63,2000s,,USA preferred when a North American retail release exists,,,,PENDING_COVER_BINARY_ACQUISITION,True,
764,VG-0765,*Army Of Two,Army Of Two,Army Of Two,SOURCE_LABEL_PENDING_VERIFICATION,PlayStation 3,PlayStation 3,2006.0,1,2000s,,USA preferred when a North American retail release exists,,,,PENDING_COVER_BINARY_ACQUISITION,True,
765,VG-0766,*Afro Samurai,Afro Samurai,Afro Samurai,SOURCE_LABEL_PENDING_VERIFICATION,PlayStation 3,PlayStation 3,2006.0,2,2000s,,USA preferred when a North American retail release exists,,,,PENDING_COVER_BINARY_ACQUISITION,True,
766,VG-0767,*Batman Arkham Asylum,Batman Arkham Asylum,Batman Arkham Asylum,SOURCE_LABEL_PENDING_VERIFICATION,PlayStation 3,PlayStation 3,2006.0,3,2000s,,USA preferred when a North American retail release exists,,,,PENDING_COVER_BINARY_ACQUISITION,True,
767,VG-0768,*Bayonetta,Bayonetta,Bayonetta,SOURCE_LABEL_PENDING_VERIFICATION,PlayStation 3,PlayStation 3,2006.0,4,2000s,,USA preferred when a North American retail release exists,,,,PENDING_COVER_BINARY_ACQUISITION,True,
768,VG-0769,*Blitz The League II,Blitz The League II,Blitz The League II,SOURCE_LABEL_PENDING_VERIFICATION,PlayStation 3,PlayStation 3,2006.0,5,2000s,,USA preferred when a North American retail release exists,,,,PENDING_COVER_BINARY_ACQUISITION,True,
769,VG-0770,*Catherine,Catherine,Catherine,SOURCE_LABEL_PENDING_VERIFICATION,PlayStation 3,PlayStation 3,2006.0,6,2000s,,USA preferred when a North American retail release exists,,,,PENDING_COVER_BINARY_ACQUISITION,True,
770,VG-0771,Cartoon Network Punch Time Explosion,Cartoon Network Punch Time Explosion,Cartoon Network Punch Time Explosion,SOURCE_LABEL_PENDING_VERIFICATION,PlayStation 3,PlayStation 3,2006.0,7,2000s,,USA preferred when a North American retail release exists,,,,PENDING_COVER_BINARY_ACQUISITION,False,
771,VG-0772,*Darksiders,Darksiders,Darksiders,SOURCE_LABEL_PENDING_VERIFICATION,PlayStation 3,PlayStation 3,2006.0,8,2000s,,USA preferred when a North American retail release exists,,,,PENDING_COVER_BINARY_ACQUISITION,True,
772,VG-0773,*Darksiders II,Darksiders II,Darksiders II,SOURCE_LABEL_PENDING_VERIFICATION,PlayStation 3,PlayStation 3,2006.0,9,2000s,,USA preferred when a North American retail release exists,,,,PENDING_COVER_BINARY_ACQUISITION,True,
773,VG-0774,*Deadpool,Deadpool,Deadpool,SOURCE_LABEL_PENDING_VERIFICATION,PlayStation 3,PlayStation 3,2006.0,10,2000s,,USA preferred when a North American retail release exists,,,,PENDING_COVER_BINARY_ACQUISITION,True,
774,VG-0775,*Def Jam Icon,Def Jam Icon,Def Jam Icon,SOURCE_LABEL_PENDING_VERIFICATION,PlayStation 3,PlayStation 3,2006.0,11,2000s,,USA preferred when a North American retail release exists,,,,PENDING_COVER_BINARY_ACQUISITION,True,
775,VG-0776,*Deus Ex: Human Evolution,Deus Ex: Human Evolution,Deus Ex: Human Revolution,CONSERVATIVE_NORMALIZATION,PlayStation 3,PlayStation 3,2006.0,12,2000s,,USA preferred when a North American retail release exists,,,,PENDING_COVER_BINARY_ACQUISITION,True,
776,VG-0777,*Devil May Cry 4,Devil May Cry 4,Devil May Cry 4,SOURCE_LABEL_PENDING_VERIFICATION,PlayStation 3,PlayStation 3,2006.0,13,2000s,,USA preferred when a North American retail release exists,,,,PENDING_COVER_BINARY_ACQUISITION,True,
777,VG-0778,*DJ Hero (Renegade Edition),DJ Hero (Renegade Edition),DJ Hero (Renegade Edition),SOURCE_LABEL_PENDING_VERIFICATION,PlayStation 3,PlayStation 3,2006.0,14,2000s,,USA preferred when a North American retail release exists,,,,PENDING_COVER_BINARY_ACQUISITION,True,
778,VG-0779,*DJ Hero 2,DJ Hero 2,DJ Hero 2,SOURCE_LABEL_PENDING_VERIFICATION,PlayStation 3,PlayStation 3,2006.0,15,2000s,,USA preferred when a North American retail release exists,,,,PENDING_COVER_BINARY_ACQUISITION,True,
779,VG-0780,*Dragon Age Origins,Dragon Age Origins,Dragon Age Origins,SOURCE_LABEL_PENDING_VERIFICATION,PlayStation 3,PlayStation 3,2006.0,16,2000s,,USA preferred when a North American retail release exists,,,,PENDING_COVER_BINARY_ACQUISITION,True,
780,VG-0781,*Dragon Age 2,Dragon Age 2,Dragon Age 2,SOURCE_LABEL_PENDING_VERIFICATION,PlayStation 3,PlayStation 3,2006.0,17,2000s,,USA preferred when a North American retail release exists,,,,PENDING_COVER_BINARY_ACQUISITION,True,
781,VG-0782,*Epic Mickey 2,Epic Mickey 2,Epic Mickey 2,SOURCE_LABEL_PENDING_VERIFICATION,PlayStation 3,PlayStation 3,2006.0,18,2000s,,USA preferred when a North American retail release exists,,,,PENDING_COVER_BINARY_ACQUISITION,True,
782,VG-0783,*Fat Princess,Fat Princess,Fat Princess,SOURCE_LABEL_PENDING_VERIFICATION,PlayStation 3,PlayStation 3,2006.0,19,2000s,,USA preferred when a North American retail release exists,,,,PENDING_COVER_BINARY_ACQUISITION,True,
783,VG-0784,*Family Guy: Back To The Multiverse,Family Guy: Back To The Multiverse,Family Guy: Back To The Multiverse,SOURCE_LABEL_PENDING_VERIFICATION,PlayStation 3,PlayStation 3,2006.0,20,2000s,,USA preferred when a North American retail release exists,,,,PENDING_COVER_BINARY_ACQUISITION,True,
784,VG-0785,*Far Cry 2,Far Cry 2,Far Cry 2,SOURCE_LABEL_PENDING_VERIFICATION,PlayStation 3,PlayStation 3,2006.0,21,2000s,,USA preferred when a North American retail release exists,,,,PENDING_COVER_BINARY_ACQUISITION,True,
785,VG-0786,*Far Cry 3,Far Cry 3,Far Cry 3,SOURCE_LABEL_PENDING_VERIFICATION,PlayStation 3,PlayStation 3,2006.0,22,2000s,,USA preferred when a North American retail release exists,,,,PENDING_COVER_BINARY_ACQUISITION,True,
786,VG-0787,*Fight Night Round 3,Fight Night Round 3,Fight Night Round 3,SOURCE_LABEL_PENDING_VERIFICATION,PlayStation 3,PlayStation 3,2006.0,23,2000s,,USA preferred when a North American retail release exists,,,,PENDING_COVER_BINARY_ACQUISITION,True,
787,VG-0788,*Fight Night Round 4,Fight Night Round 4,Fight Night Round 4,SOURCE_LABEL_PENDING_VERIFICATION,PlayStation 3,PlayStation 3,2006.0,24,2000s,,USA preferred when a North American retail release exists,,,,PENDING_COVER_BINARY_ACQUISITION,True,
788,VG-0789,*Final Fantasy XIII,Final Fantasy XIII,Final Fantasy XIII,SOURCE_LABEL_PENDING_VERIFICATION,PlayStation 3,PlayStation 3,2006.0,25,2000s,,USA preferred when a North American retail release exists,,,,PENDING_COVER_BINARY_ACQUISITION,True,
789,VG-0790,*Final Fantasy XIII 2,Final Fantasy XIII 2,Final Fantasy XIII-2,CONSERVATIVE_NORMALIZATION,PlayStation 3,PlayStation 3,2006.0,26,2000s,,USA preferred when a North American retail release exists,,,,PENDING_COVER_BINARY_ACQUISITION,True,
790,VG-0791,*God Of War III,God Of War III,God Of War III,SOURCE_LABEL_PENDING_VERIFICATION,PlayStation 3,PlayStation 3,2006.0,27,2000s,,USA preferred when a North American retail release exists,,,,PENDING_COVER_BINARY_ACQUISITION,True,
791,VG-0792,*God Of War Ascension,God Of War Ascension,God Of War Ascension,SOURCE_LABEL_PENDING_VERIFICATION,PlayStation 3,PlayStation 3,2006.0,28,2000s,,USA preferred when a North American retail release exists,,,,PENDING_COVER_BINARY_ACQUISITION,True,
792,VG-0793,*Haze,Haze,Haze,SOURCE_LABEL_PENDING_VERIFICATION,PlayStation 3,PlayStation 3,2006.0,29,2000s,,USA preferred when a North American retail release exists,,,,PENDING_COVER_BINARY_ACQUISITION,True,
793,VG-0794,*Heavy Rain,Heavy Rain,Heavy Rain,SOURCE_LABEL_PENDING_VERIFICATION,PlayStation 3,PlayStation 3,2006.0,30,2000s,,USA preferred when a North American retail release exists,,,,PENDING_COVER_BINARY_ACQUISITION,True,
794,VG-0795,*Heavenly Sword,Heavenly Sword,Heavenly Sword,SOURCE_LABEL_PENDING_VERIFICATION,PlayStation 3,PlayStation 3,2006.0,31,2000s,,USA preferred when a North American retail release exists,,,,PENDING_COVER_BINARY_ACQUISITION,True,
795,VG-0796,*Infamous,Infamous,Infamous,SOURCE_LABEL_PENDING_VERIFICATION,PlayStation 3,PlayStation 3,2006.0,32,2000s,,USA preferred when a North American retail release exists,,,,PENDING_COVER_BINARY_ACQUISITION,True,
796,VG-0797,*Infamous 2,Infamous 2,Infamous 2,SOURCE_LABEL_PENDING_VERIFICATION,PlayStation 3,PlayStation 3,2006.0,33,2000s,,USA preferred when a North American retail release exists,,,,PENDING_COVER_BINARY_ACQUISITION,True,
797,VG-0798,*Journey,Journey,Journey,SOURCE_LABEL_PENDING_VERIFICATION,PlayStation 3,PlayStation 3,2006.0,34,2000s,,USA preferred when a North American retail release exists,,,,PENDING_COVER_BINARY_ACQUISITION,True,
798,VG-0799,*Katamari Forever,Katamari Forever,Katamari Forever,SOURCE_LABEL_PENDING_VERIFICATION,PlayStation 3,PlayStation 3,2006.0,35,2000s,,USA preferred when a North American retail release exists,,,,PENDING_COVER_BINARY_ACQUISITION,True,
799,VG-0800,*Kill Zone 2,Kill Zone 2,Killzone 2,CONSERVATIVE_NORMALIZATION,PlayStation 3,PlayStation 3,2006.0,36,2000s,,USA preferred when a North American retail release exists,,,,PENDING_COVER_BINARY_ACQUISITION,True,
800,VG-0801,*Kill Zone 3,Kill Zone 3,Killzone 3,CONSERVATIVE_NORMALIZATION,PlayStation 3,PlayStation 3,2006.0,37,2000s,,USA preferred when a North American retail release exists,,,,PENDING_COVER_BINARY_ACQUISITION,True,
801,VG-0802,*L.A Noire,L.A Noire,L.A Noire,SOURCE_LABEL_PENDING_VERIFICATION,PlayStation 3,PlayStation 3,2006.0,38,2000s,,USA preferred when a North American retail release exists,,,,PENDING_COVER_BINARY_ACQUISITION,True,
802,VG-0803,*Little Big Planet,Little Big Planet,LittleBigPlanet,CONSERVATIVE_NORMALIZATION,PlayStation 3,PlayStation 3,2006.0,39,2000s,,USA preferred when a North American retail release exists,,,,PENDING_COVER_BINARY_ACQUISITION,True,
803,VG-0804,*Little Big Planet 2,Little Big Planet 2,LittleBigPlanet 2,CONSERVATIVE_NORMALIZATION,PlayStation 3,PlayStation 3,2006.0,40,2000s,,USA preferred when a North American retail release exists,,,,PENDING_COVER_BINARY_ACQUISITION,True,
804,VG-0805,*Little Big Planet 3,Little Big Planet 3,LittleBigPlanet 3,CONSERVATIVE_NORMALIZATION,PlayStation 3,PlayStation 3,2006.0,41,2000s,,USA preferred when a North American retail release exists,,,,PENDING_COVER_BINARY_ACQUISITION,True,
805,VG-0806,*Lollipop Chainsaw,Lollipop Chainsaw,Lollipop Chainsaw,SOURCE_LABEL_PENDING_VERIFICATION,PlayStation 3,PlayStation 3,2006.0,42,2000s,,USA preferred when a North American retail release exists,,,,PENDING_COVER_BINARY_ACQUISITION,True,
806,VG-0807,*Max Payne 3,Max Payne 3,Max Payne 3,SOURCE_LABEL_PENDING_VERIFICATION,PlayStation 3,PlayStation 3,2006.0,43,2000s,,USA preferred when a North American retail release exists,,,,PENDING_COVER_BINARY_ACQUISITION,True,
807,VG-0808,*Marvel Ultimate Alliance 2,Marvel Ultimate Alliance 2,Marvel Ultimate Alliance 2,SOURCE_LABEL_PENDING_VERIFICATION,PlayStation 3,PlayStation 3,2006.0,44,2000s,,USA preferred when a North American retail release exists,,,,PENDING_COVER_BINARY_ACQUISITION,True,
808,VG-0809,*Metal Gear Solid 4,Metal Gear Solid 4,Metal Gear Solid 4,SOURCE_LABEL_PENDING_VERIFICATION,PlayStation 3,PlayStation 3,2006.0,45,2000s,,USA preferred when a North American retail release exists,,,,PENDING_COVER_BINARY_ACQUISITION,True,
809,VG-0810,Naughty Bear,Naughty Bear,Naughty Bear,SOURCE_LABEL_PENDING_VERIFICATION,PlayStation 3,PlayStation 3,2006.0,46,2000s,,USA preferred when a North American retail release exists,,,,PENDING_COVER_BINARY_ACQUISITION,False,
810,VG-0811,*Naruto Ultimate Ninja Storm,Naruto Ultimate Ninja Storm,Naruto Ultimate Ninja Storm,SOURCE_LABEL_PENDING_VERIFICATION,PlayStation 3,PlayStation 3,2006.0,47,2000s,,USA preferred when a North American retail release exists,,,,PENDING_COVER_BINARY_ACQUISITION,True,
811,VG-0812,*Naruto Ultimate Ninja Storm 2,Naruto Ultimate Ninja Storm 2,Naruto Ultimate Ninja Storm 2,SOURCE_LABEL_PENDING_VERIFICATION,PlayStation 3,PlayStation 3,2006.0,48,2000s,,USA preferred when a North American retail release exists,,,,PENDING_COVER_BINARY_ACQUISITION,True,
812,VG-0813,*Naruto Ultimate Ninja Storm 3,Naruto Ultimate Ninja Storm 3,Naruto Ultimate Ninja Storm 3,SOURCE_LABEL_PENDING_VERIFICATION,PlayStation 3,PlayStation 3,2006.0,49,2000s,,USA preferred when a North American retail release exists,,,,PENDING_COVER_BINARY_ACQUISITION,True,
813,VG-0814,*Naruto Ultimate Ninja Storm Generations,Naruto Ultimate Ninja Storm Generations,Naruto Ultimate Ninja Storm Generations,SOURCE_LABEL_PENDING_VERIFICATION,PlayStation 3,PlayStation 3,2006.0,50,2000s,,USA preferred when a North American retail release exists,,,,PENDING_COVER_BINARY_ACQUISITION,True,
814,VG-0815,*Naruto Ultimate Ninja Storm Revolution,Naruto Ultimate Ninja Storm Revolution,Naruto Ultimate Ninja Storm Revolution,SOURCE_LABEL_PENDING_VERIFICATION,PlayStation 3,PlayStation 3,2006.0,51,2000s,,USA preferred when a North American retail release exists,,,,PENDING_COVER_BINARY_ACQUISITION,True,
815,VG-0816,*NBA Live 09,NBA Live 09,NBA Live 09,SOURCE_LABEL_PENDING_VERIFICATION,PlayStation 3,PlayStation 3,2006.0,52,2000s,,USA preferred when a North American retail release exists,,,,PENDING_COVER_BINARY_ACQUISITION,True,
816,VG-0817,*NBA Street Homecourt,NBA Street Homecourt,NBA Street Homecourt,SOURCE_LABEL_PENDING_VERIFICATION,PlayStation 3,PlayStation 3,2006.0,53,2000s,,USA preferred when a North American retail release exists,,,,PENDING_COVER_BINARY_ACQUISITION,True,
817,VG-0818,*Neir,Neir,Nier,CONSERVATIVE_NORMALIZATION,PlayStation 3,PlayStation 3,2006.0,54,2000s,,USA preferred when a North American retail release exists,,,,PENDING_COVER_BINARY_ACQUISITION,True,
818,VG-0819,*Persona 4,Persona 4,Persona 4,SOURCE_LABEL_PENDING_VERIFICATION,PlayStation 3,PlayStation 3,2006.0,55,2000s,,USA preferred when a North American retail release exists,,,,PENDING_COVER_BINARY_ACQUISITION,True,
819,VG-0820,*PlayStation All Stars,PlayStation All Stars,PlayStation All-Stars Battle Royale,CONSERVATIVE_NORMALIZATION,PlayStation 3,PlayStation 3,2006.0,56,2000s,,USA preferred when a North American retail release exists,,,,PENDING_COVER_BINARY_ACQUISITION,True,
820,VG-0821,*Prince Of Persia,Prince Of Persia,Prince Of Persia,SOURCE_LABEL_PENDING_VERIFICATION,PlayStation 3,PlayStation 3,2006.0,57,2000s,,USA preferred when a North American retail release exists,,,,PENDING_COVER_BINARY_ACQUISITION,True,
821,VG-0822,*Portal,Portal,Portal,SOURCE_LABEL_PENDING_VERIFICATION,PlayStation 3,PlayStation 3,2006.0,58,2000s,,USA preferred when a North American retail release exists,,,,PENDING_COVER_BINARY_ACQUISITION,True,
822,VG-0823,*Portal 2,Portal 2,Portal 2,SOURCE_LABEL_PENDING_VERIFICATION,PlayStation 3,PlayStation 3,2006.0,59,2000s,,USA preferred when a North American retail release exists,,,,PENDING_COVER_BINARY_ACQUISITION,True,
823,VG-0824,*Prototype,Prototype,Prototype,SOURCE_LABEL_PENDING_VERIFICATION,PlayStation 3,PlayStation 3,2006.0,60,2000s,,USA preferred when a North American retail release exists,,,,PENDING_COVER_BINARY_ACQUISITION,True,
824,VG-0825,*Prototype 2,Prototype 2,Prototype 2,SOURCE_LABEL_PENDING_VERIFICATION,PlayStation 3,PlayStation 3,2006.0,61,2000s,,USA preferred when a North American retail release exists,,,,PENDING_COVER_BINARY_ACQUISITION,True,
825,VG-0826,*Rayman Legends,Rayman Legends,Rayman Legends,SOURCE_LABEL_PENDING_VERIFICATION,PlayStation 3,PlayStation 3,2006.0,62,2000s,,USA preferred when a North American retail release exists,,,,PENDING_COVER_BINARY_ACQUISITION,True,
826,VG-0827,*Resident Evil 5,Resident Evil 5,Resident Evil 5,SOURCE_LABEL_PENDING_VERIFICATION,PlayStation 3,PlayStation 3,2006.0,63,2000s,,USA preferred when a North American retail release exists,,,,PENDING_COVER_BINARY_ACQUISITION,True,
827,VG-0828,*Resistance,Resistance,Resistance,SOURCE_LABEL_PENDING_VERIFICATION,PlayStation 3,PlayStation 3,2006.0,64,2000s,,USA preferred when a North American retail release exists,,,,PENDING_COVER_BINARY_ACQUISITION,True,
828,VG-0829,*Resistance 2,Resistance 2,Resistance 2,SOURCE_LABEL_PENDING_VERIFICATION,PlayStation 3,PlayStation 3,2006.0,65,2000s,,USA preferred when a North American retail release exists,,,,PENDING_COVER_BINARY_ACQUISITION,True,
829,VG-0830,*Resistance 3,Resistance 3,Resistance 3,SOURCE_LABEL_PENDING_VERIFICATION,PlayStation 3,PlayStation 3,2006.0,66,2000s,,USA preferred when a North American retail release exists,,,,PENDING_COVER_BINARY_ACQUISITION,True,
830,VG-0831,*Saints Row 2,Saints Row 2,Saints Row 2,SOURCE_LABEL_PENDING_VERIFICATION,PlayStation 3,PlayStation 3,2006.0,67,2000s,,USA preferred when a North American retail release exists,,,,PENDING_COVER_BINARY_ACQUISITION,True,
831,VG-0832,*Saints Row 3,Saints Row 3,Saints Row 3,SOURCE_LABEL_PENDING_VERIFICATION,PlayStation 3,PlayStation 3,2006.0,68,2000s,,USA preferred when a North American retail release exists,,,,PENDING_COVER_BINARY_ACQUISITION,True,
832,VG-0833,*Scott Pilgrim,Scott Pilgrim,Scott Pilgrim,SOURCE_LABEL_PENDING_VERIFICATION,PlayStation 3,PlayStation 3,2006.0,69,2000s,,USA preferred when a North American retail release exists,,,,PENDING_COVER_BINARY_ACQUISITION,True,
833,VG-0834,*The Simpsons,The Simpsons,The Simpsons,SOURCE_LABEL_PENDING_VERIFICATION,PlayStation 3,PlayStation 3,2006.0,70,2000s,,USA preferred when a North American retail release exists,,,,PENDING_COVER_BINARY_ACQUISITION,True,
834,VG-0835,*Skate 3,Skate 3,Skate 3,SOURCE_LABEL_PENDING_VERIFICATION,PlayStation 3,PlayStation 3,2006.0,71,2000s,,USA preferred when a North American retail release exists,,,,PENDING_COVER_BINARY_ACQUISITION,True,
835,VG-0836,*Sleeping Dogs,Sleeping Dogs,Sleeping Dogs,SOURCE_LABEL_PENDING_VERIFICATION,PlayStation 3,PlayStation 3,2006.0,72,2000s,,USA preferred when a North American retail release exists,,,,PENDING_COVER_BINARY_ACQUISITION,True,
836,VG-0837,*Sly Cooper 4,Sly Cooper 4,Sly Cooper: Thieves in Time,CONSERVATIVE_NORMALIZATION,PlayStation 3,PlayStation 3,2006.0,73,2000s,,USA preferred when a North American retail release exists,,,,PENDING_COVER_BINARY_ACQUISITION,True,
837,VG-0838,*Sonic Generations,Sonic Generations,Sonic Generations,SOURCE_LABEL_PENDING_VERIFICATION,PlayStation 3,PlayStation 3,2006.0,74,2000s,,USA preferred when a North American retail release exists,,,,PENDING_COVER_BINARY_ACQUISITION,True,
838,VG-0839,*Soul Calibur IV,Soul Calibur IV,Soul Calibur IV,SOURCE_LABEL_PENDING_VERIFICATION,PlayStation 3,PlayStation 3,2006.0,75,2000s,,USA preferred when a North American retail release exists,,,,PENDING_COVER_BINARY_ACQUISITION,True,
839,VG-0840,South Park Stick of Truth,South Park Stick of Truth,South Park Stick of Truth,SOURCE_LABEL_PENDING_VERIFICATION,PlayStation 3,PlayStation 3,2006.0,76,2000s,,USA preferred when a North American retail release exists,,,,PENDING_COVER_BINARY_ACQUISITION,False,
840,VG-0841,*Tekken 6,Tekken 6,Tekken 6,SOURCE_LABEL_PENDING_VERIFICATION,PlayStation 3,PlayStation 3,2006.0,77,2000s,,USA preferred when a North American retail release exists,,,,PENDING_COVER_BINARY_ACQUISITION,True,
841,VG-0842,*Tokyo Jungle,Tokyo Jungle,Tokyo Jungle,SOURCE_LABEL_PENDING_VERIFICATION,PlayStation 3,PlayStation 3,2006.0,78,2000s,,USA preferred when a North American retail release exists,,,,PENDING_COVER_BINARY_ACQUISITION,True,
842,VG-0843,*Toy Story 3,Toy Story 3,Toy Story 3,SOURCE_LABEL_PENDING_VERIFICATION,PlayStation 3,PlayStation 3,2006.0,79,2000s,,USA preferred when a North American retail release exists,,,,PENDING_COVER_BINARY_ACQUISITION,True,
843,VG-0844,*UFC Undisputed 2010,UFC Undisputed 2010,UFC Undisputed 2010,SOURCE_LABEL_PENDING_VERIFICATION,PlayStation 3,PlayStation 3,2006.0,80,2000s,,USA preferred when a North American retail release exists,,,,PENDING_COVER_BINARY_ACQUISITION,True,
844,VG-0845,*Watch Dogs,Watch Dogs,Watch Dogs,SOURCE_LABEL_PENDING_VERIFICATION,PlayStation 3,PlayStation 3,2006.0,81,2000s,,USA preferred when a North American retail release exists,,,,PENDING_COVER_BINARY_ACQUISITION,True,
845,VG-0846,*X-Men Origins Wolverine,X-Men Origins Wolverine,X-Men Origins Wolverine,SOURCE_LABEL_PENDING_VERIFICATION,PlayStation 3,PlayStation 3,2006.0,82,2000s,,USA preferred when a North American retail release exists,,,,PENDING_COVER_BINARY_ACQUISITION,True,
846,VG-0847,WWE ‘13,WWE ‘13,WWE ‘13,SOURCE_LABEL_PENDING_VERIFICATION,PlayStation 3,PlayStation 3,2006.0,83,2000s,,USA preferred when a North American retail release exists,,,,PENDING_COVER_BINARY_ACQUISITION,False,
847,VG-0848,*Yakuza 3,Yakuza 3,Yakuza 3,SOURCE_LABEL_PENDING_VERIFICATION,PlayStation 3,PlayStation 3,2006.0,84,2000s,,USA preferred when a North American retail release exists,,,,PENDING_COVER_BINARY_ACQUISITION,True,
848,VG-0849,*Yakuza 4,Yakuza 4,Yakuza 4,SOURCE_LABEL_PENDING_VERIFICATION,PlayStation 3,PlayStation 3,2006.0,85,2000s,,USA preferred when a North American retail release exists,,,,PENDING_COVER_BINARY_ACQUISITION,True,
849,VG-0850,*Yakuza 5,Yakuza 5,Yakuza 5,SOURCE_LABEL_PENDING_VERIFICATION,PlayStation 3,PlayStation 3,2006.0,86,2000s,,USA preferred when a North American retail release exists,,,,PENDING_COVER_BINARY_ACQUISITION,True,
850,VG-0851,*Epic Mickey,Epic Mickey,Epic Mickey,SOURCE_LABEL_PENDING_VERIFICATION,Wii,Wii,2007.0,1,2000s,,USA preferred when a North American retail release exists,,,,PENDING_COVER_BINARY_ACQUISITION,True,
851,VG-0852,*Fatal Frame II,Fatal Frame II,Fatal Frame II,SOURCE_LABEL_PENDING_VERIFICATION,Wii,Wii,2007.0,2,2000s,,USA preferred when a North American retail release exists,,,,PENDING_COVER_BINARY_ACQUISITION,True,
852,VG-0853,*Kirbys Epic Yarn,Kirbys Epic Yarn,Kirby's Epic Yarn,CONSERVATIVE_NORMALIZATION,Wii,Wii,2007.0,3,2000s,,USA preferred when a North American retail release exists,,,,PENDING_COVER_BINARY_ACQUISITION,True,
853,VG-0854,*Kirby's Return to Dream Land,Kirby's Return to Dream Land,Kirby's Return to Dream Land,SOURCE_LABEL_PENDING_VERIFICATION,Wii,Wii,2007.0,4,2000s,,USA preferred when a North American retail release exists,,,,PENDING_COVER_BINARY_ACQUISITION,True,
854,VG-0855,*Legend Of Zelda Skyward Sword,Legend Of Zelda Skyward Sword,The Legend of Zelda: Skyward Sword,CONSERVATIVE_NORMALIZATION,Wii,Wii,2007.0,5,2000s,,USA preferred when a North American retail release exists,,,,PENDING_COVER_BINARY_ACQUISITION,True,
855,VG-0856,*Links Crossbow Training,Links Crossbow Training,Links Crossbow Training,SOURCE_LABEL_PENDING_VERIFICATION,Wii,Wii,2007.0,6,2000s,,USA preferred when a North American retail release exists,,,,PENDING_COVER_BINARY_ACQUISITION,True,
856,VG-0857,*Mario and Sonic At The Olympics,Mario and Sonic At The Olympics,Mario and Sonic At The Olympics,SOURCE_LABEL_PENDING_VERIFICATION,Wii,Wii,2007.0,7,2000s,,USA preferred when a North American retail release exists,,,,PENDING_COVER_BINARY_ACQUISITION,True,
857,VG-0858,*Mario Strikers Charged,Mario Strikers Charged,Mario Strikers Charged,SOURCE_LABEL_PENDING_VERIFICATION,Wii,Wii,2007.0,8,2000s,,USA preferred when a North American retail release exists,,,,PENDING_COVER_BINARY_ACQUISITION,True,
858,VG-0859,*Mario Super Sluggers,Mario Super Sluggers,Mario Super Sluggers,SOURCE_LABEL_PENDING_VERIFICATION,Wii,Wii,2007.0,9,2000s,,USA preferred when a North American retail release exists,,,,PENDING_COVER_BINARY_ACQUISITION,True,
859,VG-0860,*Metroid Other M,Metroid Other M,Metroid Other M,SOURCE_LABEL_PENDING_VERIFICATION,Wii,Wii,2007.0,10,2000s,,USA preferred when a North American retail release exists,,,,PENDING_COVER_BINARY_ACQUISITION,True,
860,VG-0861,*Metroid Prime 3,Metroid Prime 3,Metroid Prime 3,SOURCE_LABEL_PENDING_VERIFICATION,Wii,Wii,2007.0,11,2000s,,USA preferred when a North American retail release exists,,,,PENDING_COVER_BINARY_ACQUISITION,True,
861,VG-0862,*New Super Mario Bros,New Super Mario Bros,New Super Mario Bros. Wii,CONSERVATIVE_NORMALIZATION,Wii,Wii,2007.0,12,2000s,,USA preferred when a North American retail release exists,,,,PENDING_COVER_BINARY_ACQUISITION,True,
862,VG-0863,*Naruto Clash Of Ninja Revolution,Naruto Clash Of Ninja Revolution,Naruto Clash Of Ninja Revolution,SOURCE_LABEL_PENDING_VERIFICATION,Wii,Wii,2007.0,13,2000s,,USA preferred when a North American retail release exists,,,,PENDING_COVER_BINARY_ACQUISITION,True,
863,VG-0864,*Naruto Clash Of Ninja Revolution 3,Naruto Clash Of Ninja Revolution 3,Naruto Clash Of Ninja Revolution 3,SOURCE_LABEL_PENDING_VERIFICATION,Wii,Wii,2007.0,14,2000s,,USA preferred when a North American retail release exists,,,,PENDING_COVER_BINARY_ACQUISITION,True,
864,VG-0865,*Pandoras Tower,Pandoras Tower,Pandoras Tower,SOURCE_LABEL_PENDING_VERIFICATION,Wii,Wii,2007.0,15,2000s,,USA preferred when a North American retail release exists,,,,PENDING_COVER_BINARY_ACQUISITION,True,
865,VG-0866,*Punch Out,Punch Out,Punch-Out!!,CONSERVATIVE_NORMALIZATION,Wii,Wii,2007.0,16,2000s,,USA preferred when a North American retail release exists,,,,PENDING_COVER_BINARY_ACQUISITION,True,
866,VG-0867,*Sin & Punishment,Sin & Punishment,Sin & Punishment,SOURCE_LABEL_PENDING_VERIFICATION,Wii,Wii,2007.0,17,2000s,,USA preferred when a North American retail release exists,,,,PENDING_COVER_BINARY_ACQUISITION,True,
867,VG-0868,*Sonic Colors,Sonic Colors,Sonic Colors,SOURCE_LABEL_PENDING_VERIFICATION,Wii,Wii,2007.0,18,2000s,,USA preferred when a North American retail release exists,,,,PENDING_COVER_BINARY_ACQUISITION,True,
868,VG-0869,*Super Mario Galaxy,Super Mario Galaxy,Super Mario Galaxy,SOURCE_LABEL_PENDING_VERIFICATION,Wii,Wii,2007.0,19,2000s,,USA preferred when a North American retail release exists,,,,PENDING_COVER_BINARY_ACQUISITION,True,
869,VG-0870,*Super Mario Galaxy 2,Super Mario Galaxy 2,Super Mario Galaxy 2,SOURCE_LABEL_PENDING_VERIFICATION,Wii,Wii,2007.0,20,2000s,,USA preferred when a North American retail release exists,,,,PENDING_COVER_BINARY_ACQUISITION,True,
870,VG-0871,*Super Paper Mario,Super Paper Mario,Super Paper Mario,SOURCE_LABEL_PENDING_VERIFICATION,Wii,Wii,2007.0,21,2000s,,USA preferred when a North American retail release exists,,,,PENDING_COVER_BINARY_ACQUISITION,True,
871,VG-0872,Tsunoko vs Capcom,Tsunoko vs Capcom,Tatsunoko vs. Capcom: Ultimate All-Stars,CONSERVATIVE_NORMALIZATION,Wii,Wii,2007.0,22,2000s,,USA preferred when a North American retail release exists,,,,PENDING_COVER_BINARY_ACQUISITION,False,
872,VG-0873,*Warios Land Shake It,Warios Land Shake It,Wario Land: Shake It!,CONSERVATIVE_NORMALIZATION,Wii,Wii,2007.0,23,2000s,,USA preferred when a North American retail release exists,,,,PENDING_COVER_BINARY_ACQUISITION,True,
873,VG-0874,*Xenoblade,Xenoblade,Xenoblade Chronicles,CONSERVATIVE_NORMALIZATION,Wii,Wii,2007.0,24,2000s,,USA preferred when a North American retail release exists,,,,PENDING_COVER_BINARY_ACQUISITION,True,
874,VG-0875,*Kid Icarus Uprising,Kid Icarus Uprising,Kid Icarus Uprising,SOURCE_LABEL_PENDING_VERIFICATION,Nintendo 3DS,Nintendo 3DS,2011.0,1,2010s-2020s,,USA preferred when a North American retail release exists,,,,PENDING_COVER_BINARY_ACQUISITION,True,
875,VG-0876,*Kirby Planet Robot,Kirby Planet Robot,Kirby: Planet Robobot,CONSERVATIVE_NORMALIZATION,Nintendo 3DS,Nintendo 3DS,2011.0,2,2010s-2020s,,USA preferred when a North American retail release exists,,,,PENDING_COVER_BINARY_ACQUISITION,True,
876,VG-0877,*Kirby Triple Deluxe,Kirby Triple Deluxe,Kirby Triple Deluxe,SOURCE_LABEL_PENDING_VERIFICATION,Nintendo 3DS,Nintendo 3DS,2011.0,3,2010s-2020s,,USA preferred when a North American retail release exists,,,,PENDING_COVER_BINARY_ACQUISITION,True,
877,VG-0878,*Link Between Worlds,Link Between Worlds,The Legend of Zelda: A Link Between Worlds,CONSERVATIVE_NORMALIZATION,Nintendo 3DS,Nintendo 3DS,2011.0,4,2010s-2020s,,USA preferred when a North American retail release exists,,,,PENDING_COVER_BINARY_ACQUISITION,True,
878,VG-0879,*Luigi Dark Moon,Luigi Dark Moon,Luigi's Mansion: Dark Moon,CONSERVATIVE_NORMALIZATION,Nintendo 3DS,Nintendo 3DS,2011.0,5,2010s-2020s,,USA preferred when a North American retail release exists,,,,PENDING_COVER_BINARY_ACQUISITION,True,
879,VG-0880,*Mario & Luigi Dream Team,Mario & Luigi Dream Team,Mario & Luigi: Dream Team,CONSERVATIVE_NORMALIZATION,Nintendo 3DS,Nintendo 3DS,2011.0,6,2010s-2020s,,USA preferred when a North American retail release exists,,,,PENDING_COVER_BINARY_ACQUISITION,True,
880,VG-0881,*Megaman Legacy Collection,Megaman Legacy Collection,Megaman Legacy Collection,SOURCE_LABEL_PENDING_VERIFICATION,Nintendo 3DS,Nintendo 3DS,2011.0,7,2010s-2020s,,USA preferred when a North American retail release exists,,,,PENDING_COVER_BINARY_ACQUISITION,True,
881,VG-0882,*Metroid Samus Returns,Metroid Samus Returns,Metroid: Samus Returns,CONSERVATIVE_NORMALIZATION,Nintendo 3DS,Nintendo 3DS,2011.0,8,2010s-2020s,,USA preferred when a North American retail release exists,,,,PENDING_COVER_BINARY_ACQUISITION,True,
882,VG-0883,*Monster Hunter 4,Monster Hunter 4,Monster Hunter 4,SOURCE_LABEL_PENDING_VERIFICATION,Nintendo 3DS,Nintendo 3DS,2011.0,9,2010s-2020s,,USA preferred when a North American retail release exists,,,,PENDING_COVER_BINARY_ACQUISITION,True,
883,VG-0884,*New Super Mario Bros. 2,New Super Mario Bros. 2,New Super Mario Bros. 2,SOURCE_LABEL_PENDING_VERIFICATION,Nintendo 3DS,Nintendo 3DS,2011.0,10,2010s-2020s,,USA preferred when a North American retail release exists,,,,PENDING_COVER_BINARY_ACQUISITION,True,
884,VG-0885,*Shantae Curse,Shantae Curse,Shantae and the Pirate's Curse,CONSERVATIVE_NORMALIZATION,Nintendo 3DS,Nintendo 3DS,2011.0,11,2010s-2020s,,USA preferred when a North American retail release exists,,,,PENDING_COVER_BINARY_ACQUISITION,True,
885,VG-0886,*Super Mario 3D Land,Super Mario 3D Land,Super Mario 3D Land,SOURCE_LABEL_PENDING_VERIFICATION,Nintendo 3DS,Nintendo 3DS,2011.0,12,2010s-2020s,,USA preferred when a North American retail release exists,,,,PENDING_COVER_BINARY_ACQUISITION,True,
886,VG-0887,* AC Shadows,AC Shadows,Assassin's Creed Shadows,CONSERVATIVE_NORMALIZATION,PlayStation 4/5 (source combined),PlayStation 4/5,2013.0,1,2010s-2020s,,USA preferred when a North American retail release exists,,,,PENDING_COVER_BINARY_ACQUISITION,True,Exact PS4 vs PS5 retail version must be resolved before selecting cover art.
887,VG-0888,* Astro Bot,Astro Bot,Astro Bot,SOURCE_LABEL_PENDING_VERIFICATION,PlayStation 4/5 (source combined),PlayStation 4/5,2013.0,2,2010s-2020s,,USA preferred when a North American retail release exists,,,,PENDING_COVER_BINARY_ACQUISITION,True,Exact PS4 vs PS5 retail version must be resolved before selecting cover art.
888,VG-0889,* Cyberpunk 2077,Cyberpunk 2077,Cyberpunk 2077,SOURCE_LABEL_PENDING_VERIFICATION,PlayStation 4/5 (source combined),PlayStation 4/5,2013.0,3,2010s-2020s,,USA preferred when a North American retail release exists,,,,PENDING_COVER_BINARY_ACQUISITION,True,Exact PS4 vs PS5 retail version must be resolved before selecting cover art.
889,VG-0890,* Death Stranding,Death Stranding,Death Stranding,SOURCE_LABEL_PENDING_VERIFICATION,PlayStation 4/5 (source combined),PlayStation 4/5,2013.0,4,2010s-2020s,,USA preferred when a North American retail release exists,,,,PENDING_COVER_BINARY_ACQUISITION,True,Exact PS4 vs PS5 retail version must be resolved before selecting cover art.
890,VG-0891,*DBZ Kakarot,DBZ Kakarot,Dragon Ball Z: Kakarot,CONSERVATIVE_NORMALIZATION,PlayStation 4/5 (source combined),PlayStation 4/5,2013.0,5,2010s-2020s,,USA preferred when a North American retail release exists,,,,PENDING_COVER_BINARY_ACQUISITION,True,Exact PS4 vs PS5 retail version must be resolved before selecting cover art.
891,VG-0892,*DMC 5,DMC 5,Devil May Cry 5,CONSERVATIVE_NORMALIZATION,PlayStation 4/5 (source combined),PlayStation 4/5,2013.0,6,2010s-2020s,,USA preferred when a North American retail release exists,,,,PENDING_COVER_BINARY_ACQUISITION,True,Exact PS4 vs PS5 retail version must be resolved before selecting cover art.
892,VG-0893,* Fable,Fable,Fable,SOURCE_LABEL_PENDING_VERIFICATION,PlayStation 4/5 (source combined),PlayStation 4/5,2013.0,7,2010s-2020s,,USA preferred when a North American retail release exists,,,,PENDING_COVER_BINARY_ACQUISITION,True,Exact PS4 vs PS5 retail version must be resolved before selecting cover art.
893,VG-0894,* FF7 Rebirth,FF7 Rebirth,Final Fantasy VII Rebirth,CONSERVATIVE_NORMALIZATION,PlayStation 4/5 (source combined),PlayStation 4/5,2013.0,8,2010s-2020s,,USA preferred when a North American retail release exists,,,,PENDING_COVER_BINARY_ACQUISITION,True,Exact PS4 vs PS5 retail version must be resolved before selecting cover art.
894,VG-0895,* Final Fantasy 16,Final Fantasy 16,Final Fantasy XVI,CONSERVATIVE_NORMALIZATION,PlayStation 4/5 (source combined),PlayStation 4/5,2013.0,9,2010s-2020s,,USA preferred when a North American retail release exists,,,,PENDING_COVER_BINARY_ACQUISITION,True,Exact PS4 vs PS5 retail version must be resolved before selecting cover art.
895,VG-0896,* Final Fantasy 7 Revelation,Final Fantasy 7 Revelation,Final Fantasy VII Revelation,CONSERVATIVE_NORMALIZATION,PlayStation 4/5 (source combined),PlayStation 4/5,2013.0,10,2010s-2020s,,USA preferred when a North American retail release exists,,,,PENDING_COVER_BINARY_ACQUISITION,True,Exact PS4 vs PS5 retail version must be resolved before selecting cover art.
896,VG-0897,* Ghost Of Tsushima,Ghost Of Tsushima,Ghost Of Tsushima,SOURCE_LABEL_PENDING_VERIFICATION,PlayStation 4/5 (source combined),PlayStation 4/5,2013.0,11,2010s-2020s,,USA preferred when a North American retail release exists,,,,PENDING_COVER_BINARY_ACQUISITION,True,Exact PS4 vs PS5 retail version must be resolved before selecting cover art.
897,VG-0898,* Ghost Of Yotei,Ghost Of Yotei,Ghost Of Yotei,SOURCE_LABEL_PENDING_VERIFICATION,PlayStation 4/5 (source combined),PlayStation 4/5,2013.0,12,2010s-2020s,,USA preferred when a North American retail release exists,,,,PENDING_COVER_BINARY_ACQUISITION,True,Exact PS4 vs PS5 retail version must be resolved before selecting cover art.
898,VG-0899,* God Of War Laufey,God Of War Laufey,God Of War Laufey,SOURCE_LABEL_PENDING_VERIFICATION,PlayStation 4/5 (source combined),PlayStation 4/5,2013.0,13,2010s-2020s,,USA preferred when a North American retail release exists,,,,PENDING_COVER_BINARY_ACQUISITION,True,Exact PS4 vs PS5 retail version must be resolved before selecting cover art.
899,VG-0900,* GOW Trilogy Remake,GOW Trilogy Remake,GOW Trilogy Remake,SOURCE_LABEL_PENDING_VERIFICATION,PlayStation 4/5 (source combined),PlayStation 4/5,2013.0,14,2010s-2020s,,USA preferred when a North American retail release exists,,,,PENDING_COVER_BINARY_ACQUISITION,True,Exact PS4 vs PS5 retail version must be resolved before selecting cover art.
900,VG-0901,* Grounded 2,Grounded 2,Grounded 2,SOURCE_LABEL_PENDING_VERIFICATION,PlayStation 4/5 (source combined),PlayStation 4/5,2013.0,15,2010s-2020s,,USA preferred when a North American retail release exists,,,,PENDING_COVER_BINARY_ACQUISITION,True,Exact PS4 vs PS5 retail version must be resolved before selecting cover art.
901,VG-0902,* GTA 6,GTA 6,Grand Theft Auto VI,CONSERVATIVE_NORMALIZATION,PlayStation 4/5 (source combined),PlayStation 4/5,2013.0,16,2010s-2020s,,USA preferred when a North American retail release exists,,,,PENDING_COVER_BINARY_ACQUISITION,True,Exact PS4 vs PS5 retail version must be resolved before selecting cover art.
902,VG-0903,* Halo Reboot,Halo Reboot,Halo: Campaign Evolved,CONSERVATIVE_NORMALIZATION,PlayStation 4/5 (source combined),PlayStation 4/5,2013.0,17,2010s-2020s,,USA preferred when a North American retail release exists,,,,PENDING_COVER_BINARY_ACQUISITION,True,Exact PS4 vs PS5 retail version must be resolved before selecting cover art.
903,VG-0904,*Hitman 3,Hitman 3,Hitman 3,SOURCE_LABEL_PENDING_VERIFICATION,PlayStation 4/5 (source combined),PlayStation 4/5,2013.0,18,2010s-2020s,,USA preferred when a North American retail release exists,,,,PENDING_COVER_BINARY_ACQUISITION,True,Exact PS4 vs PS5 retail version must be resolved before selecting cover art.
904,VG-0905,* Indiana Jones,Indiana Jones,Indiana Jones,SOURCE_LABEL_PENDING_VERIFICATION,PlayStation 4/5 (source combined),PlayStation 4/5,2013.0,19,2010s-2020s,,USA preferred when a North American retail release exists,,,,PENDING_COVER_BINARY_ACQUISITION,True,Exact PS4 vs PS5 retail version must be resolved before selecting cover art.
905,VG-0906,*Infamous Second Son,Infamous Second Son,Infamous Second Son,SOURCE_LABEL_PENDING_VERIFICATION,PlayStation 4/5 (source combined),PlayStation 4/5,2013.0,20,2010s-2020s,,USA preferred when a North American retail release exists,,,,PENDING_COVER_BINARY_ACQUISITION,True,Exact PS4 vs PS5 retail version must be resolved before selecting cover art.
906,VG-0907,* Injustice 2,Injustice 2,Injustice 2,SOURCE_LABEL_PENDING_VERIFICATION,PlayStation 4/5 (source combined),PlayStation 4/5,2013.0,21,2010s-2020s,,USA preferred when a North American retail release exists,,,,PENDING_COVER_BINARY_ACQUISITION,True,Exact PS4 vs PS5 retail version must be resolved before selecting cover art.
907,VG-0908,* Intergalactic,Intergalactic,Intergalactic,SOURCE_LABEL_PENDING_VERIFICATION,PlayStation 4/5 (source combined),PlayStation 4/5,2013.0,22,2010s-2020s,,USA preferred when a North American retail release exists,,,,PENDING_COVER_BINARY_ACQUISITION,True,Exact PS4 vs PS5 retail version must be resolved before selecting cover art.
908,VG-0909,*It Takes Two,It Takes Two,It Takes Two,SOURCE_LABEL_PENDING_VERIFICATION,PlayStation 4/5 (source combined),PlayStation 4/5,2013.0,23,2010s-2020s,,USA preferred when a North American retail release exists,,,,PENDING_COVER_BINARY_ACQUISITION,True,Exact PS4 vs PS5 retail version must be resolved before selecting cover art.
909,VG-0910,* KH4,KH4,Kingdom Hearts IV,CONSERVATIVE_NORMALIZATION,PlayStation 4/5 (source combined),PlayStation 4/5,2013.0,24,2010s-2020s,,USA preferred when a North American retail release exists,,,,PENDING_COVER_BINARY_ACQUISITION,True,Exact PS4 vs PS5 retail version must be resolved before selecting cover art.
910,VG-0911,* Last Of Us 2,Last Of Us 2,The Last of Us Part II,CONSERVATIVE_NORMALIZATION,PlayStation 4/5 (source combined),PlayStation 4/5,2013.0,25,2010s-2020s,,USA preferred when a North American retail release exists,,,,PENDING_COVER_BINARY_ACQUISITION,True,Exact PS4 vs PS5 retail version must be resolved before selecting cover art.
911,VG-0912,*Life Is Strange,Life Is Strange,Life Is Strange,SOURCE_LABEL_PENDING_VERIFICATION,PlayStation 4/5 (source combined),PlayStation 4/5,2013.0,26,2010s-2020s,,USA preferred when a North American retail release exists,,,,PENDING_COVER_BINARY_ACQUISITION,True,Exact PS4 vs PS5 retail version must be resolved before selecting cover art.
912,VG-0913,* Marvel 1943,Marvel 1943,Marvel 1943: Rise of Hydra,CONSERVATIVE_NORMALIZATION,PlayStation 4/5 (source combined),PlayStation 4/5,2013.0,27,2010s-2020s,,USA preferred when a North American retail release exists,,,,PENDING_COVER_BINARY_ACQUISITION,True,Exact PS4 vs PS5 retail version must be resolved before selecting cover art.
913,VG-0914,* Metal Gear Solid Delta,Metal Gear Solid Delta,Metal Gear Solid Delta: Snake Eater,CONSERVATIVE_NORMALIZATION,PlayStation 4/5 (source combined),PlayStation 4/5,2013.0,28,2010s-2020s,,USA preferred when a North American retail release exists,,,,PENDING_COVER_BINARY_ACQUISITION,True,Exact PS4 vs PS5 retail version must be resolved before selecting cover art.
914,VG-0915,* Monster Hunter Wilds,Monster Hunter Wilds,Monster Hunter Wilds,SOURCE_LABEL_PENDING_VERIFICATION,PlayStation 4/5 (source combined),PlayStation 4/5,2013.0,29,2010s-2020s,,USA preferred when a North American retail release exists,,,,PENDING_COVER_BINARY_ACQUISITION,True,Exact PS4 vs PS5 retail version must be resolved before selecting cover art.
915,VG-0916,*Nier Autotmata,Nier Autotmata,NieR:Automata,CONSERVATIVE_NORMALIZATION,PlayStation 4/5 (source combined),PlayStation 4/5,2013.0,30,2010s-2020s,,USA preferred when a North American retail release exists,,,,PENDING_COVER_BINARY_ACQUISITION,True,Exact PS4 vs PS5 retail version must be resolved before selecting cover art.
916,VG-0917,*Nioh,Nioh,Nioh,SOURCE_LABEL_PENDING_VERIFICATION,PlayStation 4/5 (source combined),PlayStation 4/5,2013.0,31,2010s-2020s,,USA preferred when a North American retail release exists,,,,PENDING_COVER_BINARY_ACQUISITION,True,Exact PS4 vs PS5 retail version must be resolved before selecting cover art.
917,VG-0918,*Nioh 2,Nioh 2,Nioh 2,SOURCE_LABEL_PENDING_VERIFICATION,PlayStation 4/5 (source combined),PlayStation 4/5,2013.0,32,2010s-2020s,,USA preferred when a North American retail release exists,,,,PENDING_COVER_BINARY_ACQUISITION,True,Exact PS4 vs PS5 retail version must be resolved before selecting cover art.
918,VG-0919,*Persona 5 Royal,Persona 5 Royal,Persona 5 Royal,SOURCE_LABEL_PENDING_VERIFICATION,PlayStation 4/5 (source combined),PlayStation 4/5,2013.0,33,2010s-2020s,,USA preferred when a North American retail release exists,,,,PENDING_COVER_BINARY_ACQUISITION,True,Exact PS4 vs PS5 retail version must be resolved before selecting cover art.
919,VG-0920,* Pirate Warriors 4,Pirate Warriors 4,One Piece: Pirate Warriors 4,CONSERVATIVE_NORMALIZATION,PlayStation 4/5 (source combined),PlayStation 4/5,2013.0,34,2010s-2020s,,USA preferred when a North American retail release exists,,,,PENDING_COVER_BINARY_ACQUISITION,True,Exact PS4 vs PS5 retail version must be resolved before selecting cover art.
920,VG-0921,*Psychonauts 2,Psychonauts 2,Psychonauts 2,SOURCE_LABEL_PENDING_VERIFICATION,PlayStation 4/5 (source combined),PlayStation 4/5,2013.0,35,2010s-2020s,,USA preferred when a North American retail release exists,,,,PENDING_COVER_BINARY_ACQUISITION,True,Exact PS4 vs PS5 retail version must be resolved before selecting cover art.
921,VG-0922,*Shadow Of The Colossus,Shadow Of The Colossus,Shadow Of The Colossus,SOURCE_LABEL_PENDING_VERIFICATION,PlayStation 4/5 (source combined),PlayStation 4/5,2013.0,36,2010s-2020s,,USA preferred when a North American retail release exists,,,,PENDING_COVER_BINARY_ACQUISITION,True,Exact PS4 vs PS5 retail version must be resolved before selecting cover art.
922,VG-0923,* Shadow Of The Tomb Raider,Shadow Of The Tomb Raider,Shadow Of The Tomb Raider,SOURCE_LABEL_PENDING_VERIFICATION,PlayStation 4/5 (source combined),PlayStation 4/5,2013.0,37,2010s-2020s,,USA preferred when a North American retail release exists,,,,PENDING_COVER_BINARY_ACQUISITION,True,Exact PS4 vs PS5 retail version must be resolved before selecting cover art.
923,VG-0924,* Spider-Man Miles Morales,Spider-Man Miles Morales,Spider-Man Miles Morales,SOURCE_LABEL_PENDING_VERIFICATION,PlayStation 4/5 (source combined),PlayStation 4/5,2013.0,38,2010s-2020s,,USA preferred when a North American retail release exists,,,,PENDING_COVER_BINARY_ACQUISITION,True,Exact PS4 vs PS5 retail version must be resolved before selecting cover art.
924,VG-0925,* Spiderman 2,Spiderman 2,Marvel's Spider-Man 2,CONSERVATIVE_NORMALIZATION,PlayStation 4/5 (source combined),PlayStation 4/5,2013.0,39,2010s-2020s,,USA preferred when a North American retail release exists,,,,PENDING_COVER_BINARY_ACQUISITION,True,Exact PS4 vs PS5 retail version must be resolved before selecting cover art.
925,VG-0926,* Star Wars Fate Of Old Republic,Star Wars Fate Of Old Republic,Star Wars: Fate of the Old Republic,CONSERVATIVE_NORMALIZATION,PlayStation 4/5 (source combined),PlayStation 4/5,2013.0,40,2010s-2020s,,USA preferred when a North American retail release exists,,,,PENDING_COVER_BINARY_ACQUISITION,True,Exact PS4 vs PS5 retail version must be resolved before selecting cover art.
926,VG-0927,*Synth Riders,Synth Riders,Synth Riders,SOURCE_LABEL_PENDING_VERIFICATION,PlayStation 4/5 (source combined),PlayStation 4/5,2013.0,41,2010s-2020s,,USA preferred when a North American retail release exists,,,,PENDING_COVER_BINARY_ACQUISITION,True,Exact PS4 vs PS5 retail version must be resolved before selecting cover art.
927,VG-0928,* Tomb Raider Catalyst,Tomb Raider Catalyst,Tomb Raider: Catalyst,CONSERVATIVE_NORMALIZATION,PlayStation 4/5 (source combined),PlayStation 4/5,2013.0,42,2010s-2020s,,USA preferred when a North American retail release exists,,,,PENDING_COVER_BINARY_ACQUISITION,True,Exact PS4 vs PS5 retail version must be resolved before selecting cover art.
928,VG-0929,*The Witcher 3,The Witcher 3,The Witcher 3,SOURCE_LABEL_PENDING_VERIFICATION,PlayStation 4/5 (source combined),PlayStation 4/5,2013.0,43,2010s-2020s,,USA preferred when a North American retail release exists,,,,PENDING_COVER_BINARY_ACQUISITION,True,Exact PS4 vs PS5 retail version must be resolved before selecting cover art.
929,VG-0930,*Wolfenstein New Ordrr,Wolfenstein New Ordrr,Wolfenstein: The New Order,CONSERVATIVE_NORMALIZATION,PlayStation 4/5 (source combined),PlayStation 4/5,2013.0,44,2010s-2020s,,USA preferred when a North American retail release exists,,,,PENDING_COVER_BINARY_ACQUISITION,True,Exact PS4 vs PS5 retail version must be resolved before selecting cover art.
930,VG-0931,*Wolfenstein II,Wolfenstein II,Wolfenstein II: The New Colossus,CONSERVATIVE_NORMALIZATION,PlayStation 4/5 (source combined),PlayStation 4/5,2013.0,45,2010s-2020s,,USA preferred when a North American retail release exists,,,,PENDING_COVER_BINARY_ACQUISITION,True,Exact PS4 vs PS5 retail version must be resolved before selecting cover art.
931,VG-0932,* Wolverine,Wolverine,Marvel's Wolverine,CONSERVATIVE_NORMALIZATION,PlayStation 4/5 (source combined),PlayStation 4/5,2013.0,46,2010s-2020s,,USA preferred when a North American retail release exists,,,,PENDING_COVER_BINARY_ACQUISITION,True,Exact PS4 vs PS5 retail version must be resolved before selecting cover art.
932,VG-0933,*Bayonetta 2,Bayonetta 2,Bayonetta 2,SOURCE_LABEL_PENDING_VERIFICATION,Nintendo Switch 2 (source section),Nintendo Switch 2,2025.0,1,2010s-2020s,,USA preferred when a North American retail release exists,,,,PENDING_COVER_BINARY_ACQUISITION,True,Use a Switch 2 retail cover only; do not substitute a Nintendo Switch cover.
933,VG-0934,*Bayonetta 3,Bayonetta 3,Bayonetta 3,SOURCE_LABEL_PENDING_VERIFICATION,Nintendo Switch 2 (source section),Nintendo Switch 2,2025.0,2,2010s-2020s,,USA preferred when a North American retail release exists,,,,PENDING_COVER_BINARY_ACQUISITION,True,Use a Switch 2 retail cover only; do not substitute a Nintendo Switch cover.
934,VG-0935,*Donkey Kong Bonanza,Donkey Kong Bonanza,Donkey Kong Bananza,CONSERVATIVE_NORMALIZATION,Nintendo Switch 2 (source section),Nintendo Switch 2,2025.0,3,2010s-2020s,,USA preferred when a North American retail release exists,,,,PENDING_COVER_BINARY_ACQUISITION,True,Use a Switch 2 retail cover only; do not substitute a Nintendo Switch cover.
935,VG-0936,*Donkey Kong Country Tropical Freeze,Donkey Kong Country Tropical Freeze,Donkey Kong Country Tropical Freeze,SOURCE_LABEL_PENDING_VERIFICATION,Nintendo Switch 2 (source section),Nintendo Switch 2,2025.0,4,2010s-2020s,,USA preferred when a North American retail release exists,,,,PENDING_COVER_BINARY_ACQUISITION,True,Use a Switch 2 retail cover only; do not substitute a Nintendo Switch cover.
936,VG-0937,*Hades,Hades,Hades,SOURCE_LABEL_PENDING_VERIFICATION,Nintendo Switch 2 (source section),Nintendo Switch 2,2025.0,5,2010s-2020s,,USA preferred when a North American retail release exists,,,,PENDING_COVER_BINARY_ACQUISITION,True,Use a Switch 2 retail cover only; do not substitute a Nintendo Switch cover.
937,VG-0938,* Kirby Air Riders,Kirby Air Riders,Kirby Air Riders,SOURCE_LABEL_PENDING_VERIFICATION,Nintendo Switch 2 (source section),Nintendo Switch 2,2025.0,6,2010s-2020s,,USA preferred when a North American retail release exists,,,,PENDING_COVER_BINARY_ACQUISITION,True,Use a Switch 2 retail cover only; do not substitute a Nintendo Switch cover.
938,VG-0939,*Kirby & The Forgotten Land,Kirby & The Forgotten Land,Kirby and the Forgotten Land,CONSERVATIVE_NORMALIZATION,Nintendo Switch 2 (source section),Nintendo Switch 2,2025.0,7,2010s-2020s,,USA preferred when a North American retail release exists,,,,PENDING_COVER_BINARY_ACQUISITION,True,Use a Switch 2 retail cover only; do not substitute a Nintendo Switch cover. A dedicated Nintendo Switch 2 Edition exists; exact edition title should be used if this source entry intends that retail release.
939,VG-0940,*Luigi Mansion 3,Luigi Mansion 3,Luigi's Mansion 3,CONSERVATIVE_NORMALIZATION,Nintendo Switch 2 (source section),Nintendo Switch 2,2025.0,8,2010s-2020s,,USA preferred when a North American retail release exists,,,,PENDING_COVER_BINARY_ACQUISITION,True,Use a Switch 2 retail cover only; do not substitute a Nintendo Switch cover.
940,VG-0941,*Mario Kart 8,Mario Kart 8,Mario Kart 8,SOURCE_LABEL_PENDING_VERIFICATION,Nintendo Switch 2 (source section),Nintendo Switch 2,2025.0,9,2010s-2020s,,USA preferred when a North American retail release exists,,,,PENDING_COVER_BINARY_ACQUISITION,True,Use a Switch 2 retail cover only; do not substitute a Nintendo Switch cover.
941,VG-0942,* Mario Kart World,Mario Kart World,Mario Kart World,SOURCE_LABEL_PENDING_VERIFICATION,Nintendo Switch 2 (source section),Nintendo Switch 2,2025.0,10,2010s-2020s,,USA preferred when a North American retail release exists,,,,PENDING_COVER_BINARY_ACQUISITION,True,Use a Switch 2 retail cover only; do not substitute a Nintendo Switch cover.
942,VG-0943,*Metroid Dread,Metroid Dread,Metroid Dread,SOURCE_LABEL_PENDING_VERIFICATION,Nintendo Switch 2 (source section),Nintendo Switch 2,2025.0,11,2010s-2020s,,USA preferred when a North American retail release exists,,,,PENDING_COVER_BINARY_ACQUISITION,True,Use a Switch 2 retail cover only; do not substitute a Nintendo Switch cover.
943,VG-0944,*Metroid Prime 4,Metroid Prime 4,Metroid Prime 4: Beyond,CONSERVATIVE_NORMALIZATION,Nintendo Switch 2 (source section),Nintendo Switch 2,2025.0,12,2010s-2020s,,USA preferred when a North American retail release exists,,,,PENDING_COVER_BINARY_ACQUISITION,True,Use a Switch 2 retail cover only; do not substitute a Nintendo Switch cover. A dedicated Nintendo Switch 2 Edition exists; exact edition title should be used if this source entry intends that retail release.
944,VG-0945,*Paper Mario Origami King,Paper Mario Origami King,Paper Mario Origami King,SOURCE_LABEL_PENDING_VERIFICATION,Nintendo Switch 2 (source section),Nintendo Switch 2,2025.0,13,2010s-2020s,,USA preferred when a North American retail release exists,,,,PENDING_COVER_BINARY_ACQUISITION,True,Use a Switch 2 retail cover only; do not substitute a Nintendo Switch cover.
945,VG-0946,*Pikmin 3,Pikmin 3,Pikmin 3,SOURCE_LABEL_PENDING_VERIFICATION,Nintendo Switch 2 (source section),Nintendo Switch 2,2025.0,14,2010s-2020s,,USA preferred when a North American retail release exists,,,,PENDING_COVER_BINARY_ACQUISITION,True,Use a Switch 2 retail cover only; do not substitute a Nintendo Switch cover.
946,VG-0947,*Pikmin 4,Pikmin 4,Pikmin 4,SOURCE_LABEL_PENDING_VERIFICATION,Nintendo Switch 2 (source section),Nintendo Switch 2,2025.0,15,2010s-2020s,,USA preferred when a North American retail release exists,,,,PENDING_COVER_BINARY_ACQUISITION,True,Use a Switch 2 retail cover only; do not substitute a Nintendo Switch cover.
947,VG-0948,*Sayanora Wild Hearts,Sayanora Wild Hearts,Sayonara Wild Hearts,CONSERVATIVE_NORMALIZATION,Nintendo Switch 2 (source section),Nintendo Switch 2,2025.0,16,2010s-2020s,,USA preferred when a North American retail release exists,,,,PENDING_COVER_BINARY_ACQUISITION,True,Use a Switch 2 retail cover only; do not substitute a Nintendo Switch cover.
948,VG-0949,*Smash Bros,Smash Bros,Super Smash Bros. Ultimate,CONSERVATIVE_NORMALIZATION,Nintendo Switch 2 (source section),Nintendo Switch 2,2025.0,17,2010s-2020s,,USA preferred when a North American retail release exists,,,,PENDING_COVER_BINARY_ACQUISITION,True,Use a Switch 2 retail cover only; do not substitute a Nintendo Switch cover.
949,VG-0950,*Starfox,Starfox,Starfox,SOURCE_LABEL_PENDING_VERIFICATION,Nintendo Switch 2 (source section),Nintendo Switch 2,2025.0,18,2010s-2020s,,USA preferred when a North American retail release exists,,,,PENDING_COVER_BINARY_ACQUISITION,True,Use a Switch 2 retail cover only; do not substitute a Nintendo Switch cover.
950,VG-0951,*Super Mario Bros Wonder,Super Mario Bros Wonder,Super Mario Bros. Wonder,CONSERVATIVE_NORMALIZATION,Nintendo Switch 2 (source section),Nintendo Switch 2,2025.0,19,2010s-2020s,,USA preferred when a North American retail release exists,,,,PENDING_COVER_BINARY_ACQUISITION,True,Use a Switch 2 retail cover only; do not substitute a Nintendo Switch cover.
951,VG-0952,*Super Mario Odyssey,Super Mario Odyssey,Super Mario Odyssey,SOURCE_LABEL_PENDING_VERIFICATION,Nintendo Switch 2 (source section),Nintendo Switch 2,2025.0,20,2010s-2020s,,USA preferred when a North American retail release exists,,,,PENDING_COVER_BINARY_ACQUISITION,True,Use a Switch 2 retail cover only; do not substitute a Nintendo Switch cover.
952,VG-0953,*Xenoblade Chronicles,Xenoblade Chronicles,Xenoblade Chronicles,SOURCE_LABEL_PENDING_VERIFICATION,Nintendo Switch 2 (source section),Nintendo Switch 2,2025.0,21,2010s-2020s,,USA preferred when a North American retail release exists,,,,PENDING_COVER_BINARY_ACQUISITION,True,Use a Switch 2 retail cover only; do not substitute a Nintendo Switch cover.
953,VG-0954,* Zelda Breath Of The Wild,Zelda Breath Of The Wild,The Legend of Zelda: Breath of the Wild,CONSERVATIVE_NORMALIZATION,Nintendo Switch 2 (source section),Nintendo Switch 2,2025.0,22,2010s-2020s,,USA preferred when a North American retail release exists,,,,PENDING_COVER_BINARY_ACQUISITION,True,Use a Switch 2 retail cover only; do not substitute a Nintendo Switch cover. A dedicated Nintendo Switch 2 Edition exists; exact edition title should be used if this source entry intends that retail release.
954,VG-0955,* Zelda Ocarina Of Time,Zelda Ocarina Of Time,The Legend of Zelda: Ocarina of Time,CONSERVATIVE_NORMALIZATION,Nintendo Switch 2 (source section),Nintendo Switch 2,2025.0,23,2010s-2020s,,USA preferred when a North American retail release exists,,,,PENDING_COVER_BINARY_ACQUISITION,True,Use a Switch 2 retail cover only; do not substitute a Nintendo Switch cover.
955,VG-0956,* Zelda Tears Of The Kingdom,Zelda Tears Of The Kingdom,The Legend of Zelda: Tears of the Kingdom,CONSERVATIVE_NORMALIZATION,Nintendo Switch 2 (source section),Nintendo Switch 2,2025.0,24,2010s-2020s,,USA preferred when a North American retail release exists,,,,PENDING_COVER_BINARY_ACQUISITION,True,Use a Switch 2 retail cover only; do not substitute a Nintendo Switch cover. A dedicated Nintendo Switch 2 Edition exists; exact edition title should be used if this source entry intends that retail release.
956,VG-0957,Dragon Ball Z Budokai,Dragon Ball Z Budokai,Dragon Ball Z: Budokai,CONSERVATIVE_NORMALIZATION,Platform Not Specified,Platform Not Specified,,1,2010s-2020s,,USA preferred when a North American retail release exists,,,,PENDING_COVER_BINARY_ACQUISITION,False,No platform heading is supplied in the source. Do not assign a console without user/source evidence.
957,VG-0958,Dbz Budokai 2,Dbz Budokai 2,Dragon Ball Z: Budokai 2,CONSERVATIVE_NORMALIZATION,Platform Not Specified,Platform Not Specified,,2,2010s-2020s,,USA preferred when a North American retail release exists,,,,PENDING_COVER_BINARY_ACQUISITION,False,No platform heading is supplied in the source. Do not assign a console without user/source evidence.
958,VG-0959,Dbz budokai 3,Dbz budokai 3,Dragon Ball Z: Budokai 3,CONSERVATIVE_NORMALIZATION,Platform Not Specified,Platform Not Specified,,3,2010s-2020s,,USA preferred when a North American retail release exists,,,,PENDING_COVER_BINARY_ACQUISITION,False,No platform heading is supplied in the source. Do not assign a console without user/source evidence.
959,VG-0960,Dbz sagas,Dbz sagas,Dragon Ball Z: Sagas,CONSERVATIVE_NORMALIZATION,Platform Not Specified,Platform Not Specified,,4,2010s-2020s,,USA preferred when a North American retail release exists,,,,PENDING_COVER_BINARY_ACQUISITION,False,No platform heading is supplied in the source. Do not assign a console without user/source evidence.
960,VG-0961,Dbz Budokai Tenkaichi,Dbz Budokai Tenkaichi,Dragon Ball Z: Budokai Tenkaichi,CONSERVATIVE_NORMALIZATION,Platform Not Specified,Platform Not Specified,,5,2010s-2020s,,USA preferred when a North American retail release exists,,,,PENDING_COVER_BINARY_ACQUISITION,False,No platform heading is supplied in the source. Do not assign a console without user/source evidence.
961,VG-0962,Dbz budokai tenkaichi 2,Dbz budokai tenkaichi 2,Dragon Ball Z: Budokai Tenkaichi 2,CONSERVATIVE_NORMALIZATION,Platform Not Specified,Platform Not Specified,,6,2010s-2020s,,USA preferred when a North American retail release exists,,,,PENDING_COVER_BINARY_ACQUISITION,False,No platform heading is supplied in the source. Do not assign a console without user/source evidence.
962,VG-0963,Dbz budokai tenkaichi 3,Dbz budokai tenkaichi 3,Dragon Ball Z: Budokai Tenkaichi 3,CONSERVATIVE_NORMALIZATION,Platform Not Specified,Platform Not Specified,,7,2010s-2020s,,USA preferred when a North American retail release exists,,,,PENDING_COVER_BINARY_ACQUISITION,False,No platform heading is supplied in the source. Do not assign a console without user/source evidence.
963,VG-0964,Super dbz,Super dbz,Super Dragon Ball Z,CONSERVATIVE_NORMALIZATION,Platform Not Specified,Platform Not Specified,,8,2010s-2020s,,USA preferred when a North American retail release exists,,,,PENDING_COVER_BINARY_ACQUISITION,False,No platform heading is supplied in the source. Do not assign a console without user/source evidence.
964,VG-0965,Shin Budokai,Shin Budokai,Dragon Ball Z: Shin Budokai,CONSERVATIVE_NORMALIZATION,Platform Not Specified,Platform Not Specified,,9,2010s-2020s,,USA preferred when a North American retail release exists,,,,PENDING_COVER_BINARY_ACQUISITION,False,No platform heading is supplied in the source. Do not assign a console without user/source evidence.
965,VG-0966,Dbz Legacy of goku,Dbz Legacy of goku,Dragon Ball Z: The Legacy of Goku,CONSERVATIVE_NORMALIZATION,Platform Not Specified,Platform Not Specified,,10,2010s-2020s,,USA preferred when a North American retail release exists,,,,PENDING_COVER_BINARY_ACQUISITION,False,No platform heading is supplied in the source. Do not assign a console without user/source evidence.
966,VG-0967,Dbz Legacy of goku 2,Dbz Legacy of goku 2,Dragon Ball Z: The Legacy of Goku II,CONSERVATIVE_NORMALIZATION,Platform Not Specified,Platform Not Specified,,11,2010s-2020s,,USA preferred when a North American retail release exists,,,,PENDING_COVER_BINARY_ACQUISITION,False,No platform heading is supplied in the source. Do not assign a console without user/source evidence.
967,VG-0968,Dbz buus fury,Dbz buus fury,Dragon Ball Z: Buu's Fury,CONSERVATIVE_NORMALIZATION,Platform Not Specified,Platform Not Specified,,12,2010s-2020s,,USA preferred when a North American retail release exists,,,,PENDING_COVER_BINARY_ACQUISITION,False,No platform heading is supplied in the source. Do not assign a console without user/source evidence.
968,VG-0969,Dbz Ultimate Tenkaichi,Dbz Ultimate Tenkaichi,Dragon Ball Z: Ultimate Tenkaichi,CONSERVATIVE_NORMALIZATION,Platform Not Specified,Platform Not Specified,,13,2010s-2020s,,USA preferred when a North American retail release exists,,,,PENDING_COVER_BINARY_ACQUISITION,False,No platform heading is supplied in the source. Do not assign a console without user/source evidence.
969,VG-0970,Dbz xenoverse,Dbz xenoverse,Dragon Ball Xenoverse,CONSERVATIVE_NORMALIZATION,Platform Not Specified,Platform Not Specified,,14,2010s-2020s,,USA preferred when a North American retail release exists,,,,PENDING_COVER_BINARY_ACQUISITION,False,No platform heading is supplied in the source. Do not assign a console without user/source evidence.
970,VG-0971,Dbz xenoverse 2,Dbz xenoverse 2,Dragon Ball Xenoverse 2,CONSERVATIVE_NORMALIZATION,Platform Not Specified,Platform Not Specified,,15,2010s-2020s,,USA preferred when a North American retail release exists,,,,PENDING_COVER_BINARY_ACQUISITION,False,No platform heading is supplied in the source. Do not assign a console without user/source evidence.
971,VG-0972,Dbz kakaraot,Dbz kakaraot,Dragon Ball Z: Kakarot,CONSERVATIVE_NORMALIZATION,Platform Not Specified,Platform Not Specified,,16,2010s-2020s,,USA preferred when a North American retail release exists,,,,PENDING_COVER_BINARY_ACQUISITION,False,No platform heading is supplied in the source. Do not assign a console without user/source evidence.